,Rank,City,State,2018_Estimate,2010_Cenius,Change,2016_land_area_sqmi,2016_land_area_sqkm,2016_population_density_sqmi,2016_population_density_sqkm,Location,cit_link,Demonym
0,1,New York City[d],New York,"8,398,748","8,175,133",+2.74%,301.5,780.9,28317,10933,40°39′49″N 73°56′19″W﻿ / ﻿40.6635°N 73.9387°W﻿ / 40.6635; -73.9387﻿ (1 New York City),https://en.wikipedia.org/wiki/New_York_City,New Yorker
1,2,Los Angeles,California,"3,990,456","3,792,621",+5.22%,468.7,1213.9,8484,3276,34°01′10″N 118°24′39″W﻿ / ﻿34.0194°N 118.4108°W﻿ / 34.0194; -118.4108﻿ (2 Los Angeles),https://en.wikipedia.org/wiki/Los_Angeles,Angeleno
2,3,Chicago,Illinois,"2,705,994","2,695,598",+0.39%,227.3,588.7,11900,4600,41°50′15″N 87°40′54″W﻿ / ﻿41.8376°N 87.6818°W﻿ / 41.8376; -87.6818﻿ (3 Chicago),https://en.wikipedia.org/wiki/Chicago,Chicagoan
3,4,Houston[3],Texas,"2,325,502","2,100,263",+10.72%,637.5,1651.1,3613,1395,29°47′12″N 95°23′27″W﻿ / ﻿29.7866°N 95.3909°W﻿ / 29.7866; -95.3909﻿ (4 Houston),https://en.wikipedia.org/wiki/Houston,Houstonian[1]
4,5,Phoenix,Arizona,"1,660,272","1,445,632",+14.85%,517.6,1340.6,3120,1200,33°34′20″N 112°05′24″W﻿ / ﻿33.5722°N 112.0901°W﻿ / 33.5722; -112.0901﻿ (6 Phoenix),"https://en.wikipedia.org/wiki/Phoenix,_Arizona",
5,6,Philadelphia[e],Pennsylvania,"1,584,138","1,526,006",+3.81%,134.2,347.6,11683,4511,40°00′34″N 75°08′00″W﻿ / ﻿40.0094°N 75.1333°W﻿ / 40.0094; -75.1333﻿ (5 Philadelphia),https://en.wikipedia.org/wiki/Philadelphia,Philadelphian
6,7,San Antonio,Texas,"1,532,233","1,327,407",+15.43%,461,1194,3238,1250,29°28′21″N 98°31′30″W﻿ / ﻿29.4724°N 98.5251°W﻿ / 29.4724; -98.5251﻿ (7 San Antonio),https://en.wikipedia.org/wiki/San_Antonio,San Antonian
7,8,San Diego,California,"1,425,976","1,307,402",+9.07%,325.2,842.3,4325,1670,32°48′55″N 117°08′06″W﻿ / ﻿32.8153°N 117.1350°W﻿ / 32.8153; -117.1350﻿ (8 San Diego),https://en.wikipedia.org/wiki/San_Diego,San Diegan
8,9,Dallas,Texas,"1,345,047","1,197,816",+12.29%,340.9,882.9,3866,1493,32°47′36″N 96°45′59″W﻿ / ﻿32.7933°N 96.7665°W﻿ / 32.7933; -96.7665﻿ (9 Dallas),https://en.wikipedia.org/wiki/Dallas,Dallasite
9,10,San Jose,California,"1,030,119","945,942",+8.90%,177.5,459.7,5777,2231,37°17′48″N 121°49′08″W﻿ / ﻿37.2967°N 121.8189°W﻿ / 37.2967; -121.8189﻿ (10 San Jose),"https://en.wikipedia.org/wiki/San_Jose,_California",San Josean(s)  Josefino/a(s)
10,11,Austin,Texas,"964,254","790,390",+22.00%,312.7,809.9,3031,1170,30°18′14″N 97°45′16″W﻿ / ﻿30.3039°N 97.7544°W﻿ / 30.3039; -97.7544﻿ (11 Austin),"https://en.wikipedia.org/wiki/Austin,_Texas",Austinite
11,12,Jacksonville[f],Florida,"903,889","821,784",+9.99%,747.4,1935.8,1178,455,30°20′13″N 81°39′42″W﻿ / ﻿30.3369°N 81.6616°W﻿ / 30.3369; -81.6616﻿ (12 Jacksonville),"https://en.wikipedia.org/wiki/Jacksonville,_Florida","Jacksonvillian, Jaxson[7][8]"
12,13,Fort Worth,Texas,"895,008","741,206",+20.75%,342.9,888.1,2491,962,32°46′53″N 97°20′48″W﻿ / ﻿32.7815°N 97.3467°W﻿ / 32.7815; -97.3467﻿ (16 Fort Worth),"https://en.wikipedia.org/wiki/Fort_Worth,_Texas",Fort Worther
13,14,Columbus,Ohio,"892,533","787,033",+13.40%,218.5,565.9,3936,1520,39°59′07″N 82°59′05″W﻿ / ﻿39.9852°N 82.9848°W﻿ / 39.9852; -82.9848﻿ (15 Columbus),"https://en.wikipedia.org/wiki/Columbus,_Ohio",Columbusite[14]
14,15,San Francisco[g],California,"883,305","805,235",+9.70%,46.9,121.5,18569,7170,37°43′38″N 123°01′56″W﻿ / ﻿37.7272°N 123.0322°W﻿ / 37.7272; -123.0322﻿ (13 San Francisco),https://en.wikipedia.org/wiki/San_Francisco,San FranciscanSan Francisqueño/a
15,16,Charlotte,North Carolina,"872,498","731,424",+19.29%,305.4,791,2757,1064,35°12′28″N 80°49′52″W﻿ / ﻿35.2078°N 80.8310°W﻿ / 35.2078; -80.8310﻿ (17 Charlotte),"https://en.wikipedia.org/wiki/Charlotte,_North_Carolina",Charlottean
16,17,Indianapolis[h],Indiana,"867,125","820,445",+5.69%,361.5,936.3,2366,914,39°46′36″N 86°08′45″W﻿ / ﻿39.7767°N 86.1459°W﻿ / 39.7767; -86.1459﻿ (14 Indianapolis),https://en.wikipedia.org/wiki/Indianapolis,Indianapolitan[8]
17,18,Seattle,Washington,"744,955","608,660",+22.39%,83.8,217,8405,3245,47°37′14″N 122°21′03″W﻿ / ﻿47.6205°N 122.3509°W﻿ / 47.6205; -122.3509﻿ (20 Seattle),https://en.wikipedia.org/wiki/Seattle,Seattleite[5] or Seattlite[6]
18,19,Denver[i],Colorado,"716,492","600,158",+19.38%,153.3,397,4521,1746,39°45′43″N 104°52′52″W﻿ / ﻿39.7619°N 104.8811°W﻿ / 39.7619; -104.8811﻿ (Denver),https://en.wikipedia.org/wiki/Denver,Denverite
19,20,"Washington, D.C.[j]",District of Columbia,"702,455","601,723",+16.74%,61.1,158.2,11148,4304,"38°54′15″N 77°01′02″W﻿ / ﻿38.9041°N 77.0172°W﻿ / 38.9041; -77.0172﻿ (Washington, D.C.)","https://en.wikipedia.org/wiki/Washington,_D.C.",Washingtonian[1][2]
20,21,Boston,Massachusetts,"694,583","617,594",+12.47%,48.3,125.1,13938,5381,42°19′55″N 71°01′13″W﻿ / ﻿42.3320°N 71.0202°W﻿ / 42.3320; -71.0202﻿ (Boston),https://en.wikipedia.org/wiki/Boston,Bostonian
21,22,El Paso,Texas,"682,669","649,121",+5.17%,256.8,665.1,2660,1030,31°50′54″N 106°25′37″W﻿ / ﻿31.8484°N 106.4270°W﻿ / 31.8484; -106.4270﻿ (19 El Paso),"https://en.wikipedia.org/wiki/El_Paso,_Texas",El Pasoan
22,23,Detroit,Michigan,"672,662","713,777",-5.76%,138.8,359.5,4847,1871,42°22′59″N 83°06′08″W﻿ / ﻿42.3830°N 83.1022°W﻿ / 42.3830; -83.1022﻿ (18 Detroit),https://en.wikipedia.org/wiki/Detroit,Detroiter
23,24,Nashville[k],Tennessee,"669,053","601,222",+11.28%,475.9,1232.6,1388,536,36°10′18″N 86°47′06″W﻿ / ﻿36.1718°N 86.7850°W﻿ / 36.1718; -86.7850﻿ (Nashville),"https://en.wikipedia.org/wiki/Nashville,_Tennessee",Nashvillian
24,25,Portland,Oregon,"653,115","583,776",+11.88%,133.5,345.8,4793,1851,45°32′13″N 122°39′00″W﻿ / ﻿45.5370°N 122.6500°W﻿ / 45.5370; -122.6500﻿ (Portland),"https://en.wikipedia.org/wiki/Portland,_Oregon",Portlander
25,26,Memphis,Tennessee,"650,618","646,889",+0.58%,317.4,822.1,2056,794,35°06′10″N 89°58′39″W﻿ / ﻿35.1028°N 89.9774°W﻿ / 35.1028; -89.9774﻿ (Memphis),"https://en.wikipedia.org/wiki/Memphis,_Tennessee",Memphian
26,27,Oklahoma City,Oklahoma,"649,021","579,999",+11.90%,606.3,1570.3,1053,407,35°28′02″N 97°30′49″W﻿ / ﻿35.4671°N 97.5137°W﻿ / 35.4671; -97.5137﻿ (Oklahoma City),https://en.wikipedia.org/wiki/Oklahoma_City,
27,28,Las Vegas,Nevada,"644,644","583,756",+10.43%,134.4,348.1,4709,1818,36°13′45″N 115°15′36″W﻿ / ﻿36.2292°N 115.2601°W﻿ / 36.2292; -115.2601﻿ (Las Vegas),https://en.wikipedia.org/wiki/Las_Vegas,Las Vegan
28,29,Louisville[l],Kentucky,"620,118","597,337",+3.81%,263.5,682.5,2339,903,38°09′55″N 85°38′51″W﻿ / ﻿38.1654°N 85.6474°W﻿ / 38.1654; -85.6474﻿ (Louisville),"https://en.wikipedia.org/wiki/Louisville,_Kentucky",Louisvillian
29,30,Baltimore[m],Maryland,"602,495","620,961",-2.97%,80.9,209.5,7598,2934,39°18′00″N 76°36′38″W﻿ / ﻿39.3000°N 76.6105°W﻿ / 39.3000; -76.6105﻿ (Baltimore),https://en.wikipedia.org/wiki/Baltimore,Baltimorean
30,31,Milwaukee,Wisconsin,"592,025","594,833",-0.47%,96.2,249.2,6186,2388,43°03′48″N 87°58′00″W﻿ / ﻿43.0633°N 87.9667°W﻿ / 43.0633; -87.9667﻿ (Milwaukee),https://en.wikipedia.org/wiki/Milwaukee,Milwaukeean
31,32,Albuquerque,New Mexico,"560,218","545,852",+2.63%,188.2,487.4,2972,1147,35°06′20″N 106°38′51″W﻿ / ﻿35.1056°N 106.6474°W﻿ / 35.1056; -106.6474﻿ (Albuquerque),"https://en.wikipedia.org/wiki/Albuquerque,_New_Mexico","Albuquerquean,Burqueño[4]"
32,33,Tucson,Arizona,"545,975","520,116",+4.97%,230.8,597.8,2299,888,32°09′11″N 110°52′14″W﻿ / ﻿32.1531°N 110.8706°W﻿ / 32.1531; -110.8706﻿ (Tucson),"https://en.wikipedia.org/wiki/Tucson,_Arizona",Tucsonan
33,34,Fresno,California,"530,093","494,665",+7.16%,114.4,296.3,4563,1762,36°47′01″N 119°47′36″W﻿ / ﻿36.7836°N 119.7934°W﻿ / 36.7836; -119.7934﻿ (Fresno),"https://en.wikipedia.org/wiki/Fresno,_California",Fresnan
34,35,Mesa,Arizona,"508,958","439,041",+15.92%,137.9,357.2,3514,1357,33°24′07″N 111°43′03″W﻿ / ﻿33.4019°N 111.7174°W﻿ / 33.4019; -111.7174﻿ (Mesa),"https://en.wikipedia.org/wiki/Mesa,_Arizona",
35,36,Sacramento,California,"508,529","466,488",+9.01%,97.9,253.6,5059,1953,38°34′00″N 121°28′07″W﻿ / ﻿38.5666°N 121.4686°W﻿ / 38.5666; -121.4686﻿ (Sacramento),"https://en.wikipedia.org/wiki/Sacramento,_California",Sacramentan
36,37,Atlanta,Georgia,"498,044","420,003",+18.58%,133.5,345.8,3539,1366,33°45′46″N 84°25′22″W﻿ / ﻿33.7629°N 84.4227°W﻿ / 33.7629; -84.4227﻿ (Atlanta),https://en.wikipedia.org/wiki/Atlanta,Atlantan[9]
37,38,Kansas City,Missouri,"491,918","459,787",+6.99%,315,815.8,1528,590,"39°07′30″N 94°33′04″W﻿ / ﻿39.1251°N 94.5510°W﻿ / 39.1251; -94.5510﻿ (Kansas City, MO)","https://en.wikipedia.org/wiki/Kansas_City,_Missouri",Kansas Citian
38,39,Colorado Springs,Colorado,"472,688","416,427",+13.51%,195.6,506.6,2378,918,38°52′02″N 104°45′39″W﻿ / ﻿38.8673°N 104.7607°W﻿ / 38.8673; -104.7607﻿ (Colorado Springs),"https://en.wikipedia.org/wiki/Colorado_Springs,_Colorado",
39,40,Miami,Florida,"470,914","399,457",+17.89%,36,93.2,12599,4865,25°46′31″N 80°12′31″W﻿ / ﻿25.7752°N 80.2086°W﻿ / 25.7752; -80.2086﻿ (Miami),https://en.wikipedia.org/wiki/Miami,MiamianMiamense
40,41,Raleigh,North Carolina,"469,298","403,892",+16.19%,145.1,375.8,3163,1221,35°49′50″N 78°38′30″W﻿ / ﻿35.8306°N 78.6418°W﻿ / 35.8306; -78.6418﻿ (Raleigh),"https://en.wikipedia.org/wiki/Raleigh,_North_Carolina",Raleighite
41,42,Omaha,Nebraska,"468,262","408,958",+14.50%,133.2,345,3356,1296,41°15′52″N 96°02′42″W﻿ / ﻿41.2644°N 96.0451°W﻿ / 41.2644; -96.0451﻿ (Omaha),"https://en.wikipedia.org/wiki/Omaha,_Nebraska",
42,43,Long Beach,California,"467,354","462,257",+1.10%,50.3,130.3,9347,3609,33°48′33″N 118°09′19″W﻿ / ﻿33.8092°N 118.1553°W﻿ / 33.8092; -118.1553﻿ (Long Beach),"https://en.wikipedia.org/wiki/Long_Beach,_California",
43,44,Virginia Beach[m],Virginia,"450,189","437,994",+2.78%,244.7,633.8,1850,710,36°46′48″N 76°01′31″W﻿ / ﻿36.7800°N 76.0252°W﻿ / 36.7800; -76.0252﻿ (Virginia Beach),"https://en.wikipedia.org/wiki/Virginia_Beach,_Virginia",
44,45,Oakland,California,"429,082","390,724",+9.82%,55.9,144.8,7514,2901,37°46′11″N 122°13′33″W﻿ / ﻿37.7698°N 122.2257°W﻿ / 37.7698; -122.2257﻿ (Oakland),"https://en.wikipedia.org/wiki/Oakland,_California",Oaklander
45,46,Minneapolis,Minnesota,"425,403","382,578",+11.19%,54,139.9,7660,2960,44°57′48″N 93°16′06″W﻿ / ﻿44.9633°N 93.2683°W﻿ / 44.9633; -93.2683﻿ (Minneapolis),https://en.wikipedia.org/wiki/Minneapolis,Minneapolitan
46,47,Tulsa,Oklahoma,"400,669","391,906",+2.24%,196.8,509.7,2048,791,36°07′40″N 95°54′08″W﻿ / ﻿36.1279°N 95.9023°W﻿ / 36.1279; -95.9023﻿ (Tulsa),"https://en.wikipedia.org/wiki/Tulsa,_Oklahoma",Tulsan
47,48,Arlington,Texas,"398,112","365,438",+8.94%,95.8,248.1,4100,1600,32°42′03″N 97°07′29″W﻿ / ﻿32.7007°N 97.1247°W﻿ / 32.7007; -97.1247﻿ (Arlington),"https://en.wikipedia.org/wiki/Arlington,_Texas",Arlingtonite
48,49,Tampa,Florida,"392,890","335,709",+17.03%,113.4,293.7,3326,1284,27°58′12″N 82°28′47″W﻿ / ﻿27.9701°N 82.4797°W﻿ / 27.9701; -82.4797﻿ (Tampa),"https://en.wikipedia.org/wiki/Tampa,_Florida","Tampan, Tampanian, Tampeño[8]"
49,50,New Orleans[n],Louisiana,"391,006","343,829",+13.72%,169.4,438.7,2311,892,30°03′12″N 89°56′04″W﻿ / ﻿30.0534°N 89.9345°W﻿ / 30.0534; -89.9345﻿ (New Orleans),https://en.wikipedia.org/wiki/New_Orleans,New Orleanian
50,51,Wichita,Kansas,"389,255","382,368",+1.80%,160.4,415.4,2431,939,37°41′27″N 97°20′45″W﻿ / ﻿37.6907°N 97.3459°W﻿ / 37.6907; -97.3459﻿ (Wichita),"https://en.wikipedia.org/wiki/Wichita,_Kansas",Wichitan
51,52,Cleveland,Ohio,"383,793","396,815",-3.28%,77.7,201.2,4965,1917,41°28′43″N 81°40′46″W﻿ / ﻿41.4785°N 81.6794°W﻿ / 41.4785; -81.6794﻿ (Cleveland),https://en.wikipedia.org/wiki/Cleveland,Clevelander
52,53,Bakersfield,California,"383,579","347,483",+10.39%,148.8,385.4,2529,976,35°19′16″N 119°01′06″W﻿ / ﻿35.3212°N 119.0183°W﻿ / 35.3212; -119.0183﻿ (Bakersfield),"https://en.wikipedia.org/wiki/Bakersfield,_California",Bakersfieldian
53,54,Aurora,Colorado,"374,114","325,078",+15.08%,153.5,397.6,2356,910,39°41′17″N 104°41′23″W﻿ / ﻿39.6880°N 104.6897°W﻿ / 39.6880; -104.6897﻿ (Aurora),"https://en.wikipedia.org/wiki/Aurora,_Colorado",
54,55,Anaheim,California,"352,005","336,265",+4.68%,50,129.5,7021,2711,33°51′20″N 117°45′36″W﻿ / ﻿33.8555°N 117.7601°W﻿ / 33.8555; -117.7601﻿ (Anaheim),"https://en.wikipedia.org/wiki/Anaheim,_California",
55,56,Honolulu[b],Hawaii,"347,397","337,256",+3.01%,60.5,156.7,5815,2245,21°19′27″N 157°50′51″W﻿ / ﻿21.3243°N 157.8476°W﻿ / 21.3243; -157.8476﻿ (Honolulu),https://en.wikipedia.org/wiki/Honolulu,Honolulan
56,57,Santa Ana,California,"332,725","324,528",+2.53%,27.1,70.2,12333,4762,33°44′11″N 117°52′59″W﻿ / ﻿33.7363°N 117.8830°W﻿ / 33.7363; -117.8830﻿ (Santa Ana),"https://en.wikipedia.org/wiki/Santa_Ana,_California",
57,58,Riverside,California,"330,063","303,871",+8.62%,81.2,210.3,3999,1544,33°56′17″N 117°23′36″W﻿ / ﻿33.9381°N 117.3932°W﻿ / 33.9381; -117.3932﻿ (Riverside),"https://en.wikipedia.org/wiki/Riverside,_California",
58,59,Corpus Christi,Texas,"326,554","305,215",+6.99%,174.6,452.2,1866,720,27°45′15″N 97°10′24″W﻿ / ﻿27.7543°N 97.1734°W﻿ / 27.7543; -97.1734﻿ (Corpus Christi),"https://en.wikipedia.org/wiki/Corpus_Christi,_Texas",
59,60,Lexington[o],Kentucky,"323,780","295,803",+9.46%,283.6,734.5,1123,434,38°02′27″N 84°27′30″W﻿ / ﻿38.0407°N 84.4583°W﻿ / 38.0407; -84.4583﻿ (Lexington),"https://en.wikipedia.org/wiki/Lexington,_Kentucky",Lexingtonian
60,61,Stockton,California,"311,178","291,707",+6.67%,61.7,159.8,4977,1922,37°58′35″N 121°18′48″W﻿ / ﻿37.9763°N 121.3133°W﻿ / 37.9763; -121.3133﻿ (Stockton),"https://en.wikipedia.org/wiki/Stockton,_California",
61,62,Henderson,Nevada,"310,390","257,729",+20.43%,104.7,271.2,2798,1080,36°00′35″N 115°02′09″W﻿ / ﻿36.0097°N 115.0357°W﻿ / 36.0097; -115.0357﻿ (Henderson),"https://en.wikipedia.org/wiki/Henderson,_Nevada",
62,63,Saint Paul,Minnesota,"307,695","285,068",+7.94%,52,134.7,5815,2245,44°56′56″N 93°06′15″W﻿ / ﻿44.9489°N 93.1041°W﻿ / 44.9489; -93.1041﻿ (Saint Paul),"https://en.wikipedia.org/wiki/Saint_Paul,_Minnesota",Saint Paulite
63,64,St. Louis[m],Missouri,"302,838","319,294",-5.15%,62,160.6,5023,1939,38°38′09″N 90°14′41″W﻿ / ﻿38.6357°N 90.2446°W﻿ / 38.6357; -90.2446﻿ (St. Louis),https://en.wikipedia.org/wiki/St._Louis,St. Louisan
64,65,Cincinnati,Ohio,"302,605","296,943",+1.91%,77.4,200.5,3860,1490,39°08′25″N 84°30′21″W﻿ / ﻿39.1402°N 84.5058°W﻿ / 39.1402; -84.5058﻿ (Cincinnati),https://en.wikipedia.org/wiki/Cincinnati,Cincinnatian
65,66,Pittsburgh,Pennsylvania,"301,048","305,704",-1.52%,55.4,143.5,5481,2116,40°26′23″N 79°58′36″W﻿ / ﻿40.4398°N 79.9766°W﻿ / 40.4398; -79.9766﻿ (Pittsburgh),https://en.wikipedia.org/wiki/Pittsburgh,"Pittsburgher, Yinzer"
66,67,Greensboro,North Carolina,"294,722","269,666",+9.29%,128.3,332.3,2237,864,36°05′42″N 79°49′37″W﻿ / ﻿36.0951°N 79.8270°W﻿ / 36.0951; -79.8270﻿ (Greensboro),"https://en.wikipedia.org/wiki/Greensboro,_North_Carolina",
67,68,Anchorage[p],Alaska,"291,538","291,826",-0.10%,1706.6,4420.1,175,68,61°10′27″N 149°17′03″W﻿ / ﻿61.1743°N 149.2843°W﻿ / 61.1743; -149.2843﻿ (Anchorage),"https://en.wikipedia.org/wiki/Anchorage,_Alaska","Anchoragite
Anchoriginal (informal)"
68,69,Plano,Texas,"288,061","259,841",+10.86%,71.7,185.7,3990,1540,33°03′03″N 96°44′52″W﻿ / ﻿33.0508°N 96.7479°W﻿ / 33.0508; -96.7479﻿ (Plano),"https://en.wikipedia.org/wiki/Plano,_Texas",Planoite
69,70,Lincoln,Nebraska,"287,401","258,379",+11.23%,92.1,238.5,3044,1175,40°48′38″N 96°40′49″W﻿ / ﻿40.8105°N 96.6803°W﻿ / 40.8105; -96.6803﻿ (Lincoln),"https://en.wikipedia.org/wiki/Lincoln,_Nebraska",Lincolnite
70,71,Orlando,Florida,"285,713","238,300",+19.90%,105.2,272.5,2635,1017,28°25′00″N 81°16′25″W﻿ / ﻿28.4166°N 81.2736°W﻿ / 28.4166; -81.2736﻿ (Orlando),"https://en.wikipedia.org/wiki/Orlando,_Florida",Orlandoan
71,72,Irvine,California,"282,572","212,375",+33.05%,65.6,169.9,4057,1566,33°40′42″N 117°46′17″W﻿ / ﻿33.6784°N 117.7713°W﻿ / 33.6784; -117.7713﻿ (Irvine),"https://en.wikipedia.org/wiki/Irvine,_California",Irvinite
72,73,Newark,New Jersey,"282,090","277,140",+1.79%,24.1,62.4,11691,4514,40°43′27″N 74°10′21″W﻿ / ﻿40.7242°N 74.1726°W﻿ / 40.7242; -74.1726﻿ (Newark),"https://en.wikipedia.org/wiki/Newark,_New_Jersey",Newarker[18]
73,74,Toledo,Ohio,"274,975","287,208",-4.26%,80.7,209,3451,1332,41°39′51″N 83°34′55″W﻿ / ﻿41.6641°N 83.5819°W﻿ / 41.6641; -83.5819﻿ (Toledo),"https://en.wikipedia.org/wiki/Toledo,_Ohio",Toledoan
74,75,Durham,North Carolina,"274,291","228,330",+20.13%,109.8,284.4,2395,925,35°58′52″N 78°54′10″W﻿ / ﻿35.9811°N 78.9029°W﻿ / 35.9811; -78.9029﻿ (Durham),"https://en.wikipedia.org/wiki/Durham,_North_Carolina",Durhamite
75,76,Chula Vista,California,"271,651","243,916",+11.37%,49.6,128.5,5387,2080,32°37′40″N 117°00′55″W﻿ / ﻿32.6277°N 117.0152°W﻿ / 32.6277; -117.0152﻿ (Chula Vista),"https://en.wikipedia.org/wiki/Chula_Vista,_California",
76,77,Fort Wayne,Indiana,"267,633","253,691",+5.50%,110.6,286.5,2391,923,41°05′18″N 85°08′38″W﻿ / ﻿41.0882°N 85.1439°W﻿ / 41.0882; -85.1439﻿ (Fort Wayne),"https://en.wikipedia.org/wiki/Fort_Wayne,_Indiana",
77,78,Jersey City,New Jersey,"265,549","247,597",+7.25%,14.8,38.3,17848,6891,40°42′41″N 74°03′53″W﻿ / ﻿40.7114°N 74.0648°W﻿ / 40.7114; -74.0648﻿ (Jersey City),"https://en.wikipedia.org/wiki/Jersey_City,_New_Jersey",
78,79,St. Petersburg,Florida,"265,098","244,769",+8.31%,61.8,160.1,4223,1631,27°45′43″N 82°38′39″W﻿ / ﻿27.7620°N 82.6441°W﻿ / 27.7620; -82.6441﻿ (St. Petersburg),"https://en.wikipedia.org/wiki/St._Petersburg,_Florida","St. Petersburger, St. Peteian, Burgian, Saint Petersburgite"
79,80,Laredo,Texas,"261,639","236,091",+10.82%,101.1,261.8,2544,982,27°33′37″N 99°29′21″W﻿ / ﻿27.5604°N 99.4892°W﻿ / 27.5604; -99.4892﻿ (Laredo),"https://en.wikipedia.org/wiki/Laredo,_Texas",Laredoan
80,81,Madison,Wisconsin,"258,054","233,209",+10.65%,77,199.4,3280,1270,43°05′16″N 89°25′48″W﻿ / ﻿43.0878°N 89.4299°W﻿ / 43.0878; -89.4299﻿ (Madison),"https://en.wikipedia.org/wiki/Madison,_Wisconsin",Madisonian
81,82,Chandler,Arizona,"257,165","236,123",+8.91%,64.9,168.1,3813,1472,33°16′58″N 111°51′18″W﻿ / ﻿33.2829°N 111.8549°W﻿ / 33.2829; -111.8549﻿ (Chandler),"https://en.wikipedia.org/wiki/Chandler,_Arizona",Chandlerite
82,83,Buffalo,New York,"256,304","261,310",-1.92%,40.4,104.6,6359,2455,42°53′33″N 78°51′35″W﻿ / ﻿42.8925°N 78.8597°W﻿ / 42.8925; -78.8597﻿ (Buffalo),"https://en.wikipedia.org/wiki/Buffalo,_New_York",Buffalonian
83,84,Lubbock,Texas,"255,885","229,573",+11.46%,124.6,322.7,2027,783,33°33′56″N 101°53′12″W﻿ / ﻿33.5656°N 101.8867°W﻿ / 33.5656; -101.8867﻿ (Lubbock),"https://en.wikipedia.org/wiki/Lubbock,_Texas",Lubbockite
84,85,Scottsdale,Arizona,"255,310","217,385",+17.45%,183.9,476.3,1341,518,33°41′03″N 111°51′40″W﻿ / ﻿33.6843°N 111.8611°W﻿ / 33.6843; -111.8611﻿ (Scottsdale),"https://en.wikipedia.org/wiki/Scottsdale,_Arizona",
85,86,Reno,Nevada,"250,998","225,221",+11.45%,107.3,277.9,2286,883,39°32′57″N 119°51′00″W﻿ / ﻿39.5491°N 119.8499°W﻿ / 39.5491; -119.8499﻿ (Reno),"https://en.wikipedia.org/wiki/Reno,_Nevada",Renoites
86,87,Glendale,Arizona,"250,702","226,721",+10.58%,59.1,153.1,4161,1607,33°31′59″N 112°11′24″W﻿ / ﻿33.5331°N 112.1899°W﻿ / 33.5331; -112.1899﻿ (Glendale),"https://en.wikipedia.org/wiki/Glendale,_Arizona",Glendalian
87,88,Gilbert[q],Arizona,"248,279","208,453",+19.11%,68,176.1,3487,1346,33°18′37″N 111°44′35″W﻿ / ﻿33.3103°N 111.7431°W﻿ / 33.3103; -111.7431﻿ (Gilbert),"https://en.wikipedia.org/wiki/Gilbert,_Arizona",
88,89,Winston–Salem,North Carolina,"246,328","229,617",+7.28%,132.5,343.2,1828,706,36°06′10″N 80°15′40″W﻿ / ﻿36.1027°N 80.2610°W﻿ / 36.1027; -80.2610﻿ (Winston-Salem),"https://en.wikipedia.org/wiki/Winston%E2%80%93Salem,_North_Carolina",Winston-Salemite
89,90,North Las Vegas,Nevada,"245,949","216,961",+13.36%,98,253.8,2436,941,36°17′09″N 115°05′38″W﻿ / ﻿36.2857°N 115.0939°W﻿ / 36.2857; -115.0939﻿ (North Las Vegas),"https://en.wikipedia.org/wiki/North_Las_Vegas,_Nevada",
90,91,Norfolk[m],Virginia,"244,076","242,803",+0.52%,53.3,138,4599,1776,36°55′23″N 76°14′41″W﻿ / ﻿36.9230°N 76.2446°W﻿ / 36.9230; -76.2446﻿ (Norfolk),"https://en.wikipedia.org/wiki/Norfolk,_Virginia",
91,92,Chesapeake[m],Virginia,"242,634","222,209",+9.19%,338.5,876.7,703,271,36°40′46″N 76°18′06″W﻿ / ﻿36.6794°N 76.3018°W﻿ / 36.6794; -76.3018﻿ (Chesapeake),"https://en.wikipedia.org/wiki/Chesapeake,_Virginia",
92,93,Garland,Texas,"242,507","226,876",+6.89%,57,147.6,4122,1592,32°54′35″N 96°37′49″W﻿ / ﻿32.9098°N 96.6303°W﻿ / 32.9098; -96.6303﻿ (Garland),"https://en.wikipedia.org/wiki/Garland,_Texas",
93,94,Irving,Texas,"242,242","216,290",+12.00%,67,173.5,3557,1373,32°51′28″N 96°58′12″W﻿ / ﻿32.8577°N 96.9700°W﻿ / 32.8577; -96.9700﻿ (Irving),"https://en.wikipedia.org/wiki/Irving,_Texas",
94,95,Hialeah,Florida,"238,942","224,669",+6.35%,21.5,55.7,10995,4245,25°52′12″N 80°18′10″W﻿ / ﻿25.8699°N 80.3029°W﻿ / 25.8699; -80.3029﻿ (Hialeah),"https://en.wikipedia.org/wiki/Hialeah,_Florida",
95,96,Fremont,California,"237,807","214,089",+11.08%,77.5,200.7,3008,1161,37°29′40″N 121°56′28″W﻿ / ﻿37.4945°N 121.9412°W﻿ / 37.4945; -121.9412﻿ (Fremont),"https://en.wikipedia.org/wiki/Fremont,_California",
96,97,Boise[r],Idaho,"228,790","205,671",+11.24%,82.1,212.6,2718,1049,43°36′01″N 116°13′54″W﻿ / ﻿43.6002°N 116.2317°W﻿ / 43.6002; -116.2317﻿ (Boise),"https://en.wikipedia.org/wiki/Boise,_Idaho",Boisean
97,98,Richmond[m],Virginia,"228,783","204,214",+12.03%,59.8,154.9,3732,1441,37°31′53″N 77°28′34″W﻿ / ﻿37.5314°N 77.4760°W﻿ / 37.5314; -77.4760﻿ (Richmond),"https://en.wikipedia.org/wiki/Richmond,_Virginia",Richmonder
98,99,Baton Rouge[s],Louisiana,"221,599","229,493",-3.44%,85.9,222.5,2651,1024,30°26′32″N 91°07′51″W﻿ / ﻿30.4422°N 91.1309°W﻿ / 30.4422; -91.1309﻿ (Baton Rouge),"https://en.wikipedia.org/wiki/Baton_Rouge,_Louisiana",Baton Rougean
99,100,Spokane,Washington,"219,190","208,916",+4.92%,68.7,177.9,3144,1214,47°40′01″N 117°26′00″W﻿ / ﻿47.6669°N 117.4333°W﻿ / 47.6669; -117.4333﻿ (Spokane),"https://en.wikipedia.org/wiki/Spokane,_Washington",Spokanite
100,101,Des Moines,Iowa,"216,853","203,433",+6.60%,88.9,230.2,2424,936,41°34′21″N 93°36′37″W﻿ / ﻿41.5726°N 93.6102°W﻿ / 41.5726; -93.6102﻿ (Des Moines),"https://en.wikipedia.org/wiki/Des_Moines,_Iowa",
101,102,Tacoma,Washington,"216,279","198,397",+9.01%,49.7,128.7,4251,1641,47°15′08″N 122°27′35″W﻿ / ﻿47.2522°N 122.4598°W﻿ / 47.2522; -122.4598﻿ (Tacoma),"https://en.wikipedia.org/wiki/Tacoma,_Washington",Tacoman (plural: Tacomans)
102,103,San Bernardino,California,"215,941","209,924",+2.87%,61.5,159.3,3516,1358,34°08′30″N 117°17′37″W﻿ / ﻿34.1416°N 117.2936°W﻿ / 34.1416; -117.2936﻿ (San Bernardino),"https://en.wikipedia.org/wiki/San_Bernardino,_California",
103,104,Modesto,California,"215,030","201,165",+6.89%,43,111.4,4934,1905,37°38′15″N 121°00′11″W﻿ / ﻿37.6375°N 121.0030°W﻿ / 37.6375; -121.0030﻿ (Modesto),"https://en.wikipedia.org/wiki/Modesto,_California",
104,105,Fontana,California,"213,739","196,069",+9.01%,43,111.4,4876,1883,34°06′32″N 117°27′46″W﻿ / ﻿34.1090°N 117.4629°W﻿ / 34.1090; -117.4629﻿ (Fontana),"https://en.wikipedia.org/wiki/Fontana,_California",
105,106,Santa Clarita,California,"210,089","176,320",+19.15%,52.8,136.8,3446,1331,34°24′11″N 118°30′15″W﻿ / ﻿34.4030°N 118.5042°W﻿ / 34.4030; -118.5042﻿ (Santa Clarita),"https://en.wikipedia.org/wiki/Santa_Clarita,_California",Santa Claritan
106,107,Birmingham,Alabama,"209,880","212,237",-1.11%,146.1,378.4,1452,561,33°31′39″N 86°47′56″W﻿ / ﻿33.5274°N 86.7990°W﻿ / 33.5274; -86.7990﻿ (Birmingham),"https://en.wikipedia.org/wiki/Birmingham,_Alabama",Birminghamian
107,108,Oxnard,California,"209,877","197,899",+6.05%,26.9,69.7,7729,2984,34°12′08″N 119°12′17″W﻿ / ﻿34.2023°N 119.2046°W﻿ / 34.2023; -119.2046﻿ (Oxnard),"https://en.wikipedia.org/wiki/Oxnard,_California",
108,109,Fayetteville,North Carolina,"209,468","200,564",+4.44%,147.7,382.5,1386,535,35°04′58″N 78°58′25″W﻿ / ﻿35.0828°N 78.9735°W﻿ / 35.0828; -78.9735﻿ (Fayetteville),"https://en.wikipedia.org/wiki/Fayetteville,_North_Carolina",
109,110,Moreno Valley,California,"209,050","193,365",+8.11%,51.3,132.9,4006,1547,33°55′24″N 117°12′21″W﻿ / ﻿33.9233°N 117.2057°W﻿ / 33.9233; -117.2057﻿ (Moreno Valley),"https://en.wikipedia.org/wiki/Moreno_Valley,_California",
110,111,Rochester,New York,"206,284","210,565",-2.03%,35.8,92.7,5835,2253,43°10′12″N 77°37′01″W﻿ / ﻿43.1699°N 77.6169°W﻿ / 43.1699; -77.6169﻿ (Rochester),"https://en.wikipedia.org/wiki/Rochester,_New_York",Rochesterian
111,112,Glendale,California,"201,361","191,719",+5.03%,30.4,78.7,6606,2551,34°10′53″N 118°14′45″W﻿ / ﻿34.1814°N 118.2458°W﻿ / 34.1814; -118.2458﻿ (Glendale),"https://en.wikipedia.org/wiki/Glendale,_California",
112,113,Huntington Beach,California,"200,641","189,992",+5.60%,26.9,69.7,7459,2880,33°41′26″N 118°00′33″W﻿ / ﻿33.6906°N 118.0093°W﻿ / 33.6906; -118.0093﻿ (Huntington Beach),"https://en.wikipedia.org/wiki/Huntington_Beach,_California",
113,114,Salt Lake City,Utah,"200,591","186,440",+7.59%,111.2,288,1742,673,40°46′37″N 111°55′52″W﻿ / ﻿40.7769°N 111.9310°W﻿ / 40.7769; -111.9310﻿ (Salt Lake City),https://en.wikipedia.org/wiki/Salt_Lake_City,Salt Laker[2]
114,115,Grand Rapids,Michigan,"200,217","188,040",+6.48%,44.4,115,4424,1708,42°57′40″N 85°39′20″W﻿ / ﻿42.9612°N 85.6556°W﻿ / 42.9612; -85.6556﻿ (Grand Rapids),"https://en.wikipedia.org/wiki/Grand_Rapids,_Michigan",Grand Rapidian
115,116,Amarillo,Texas,"199,924","190,695",+4.84%,101.4,262.6,1968,760,35°12′00″N 101°49′49″W﻿ / ﻿35.1999°N 101.8302°W﻿ / 35.1999; -101.8302﻿ (Amarillo),"https://en.wikipedia.org/wiki/Amarillo,_Texas",Amarilloan
116,117,Yonkers,New York,"199,663","195,976",+1.88%,18,46.6,11156,4307,40°56′45″N 73°52′03″W﻿ / ﻿40.9459°N 73.8674°W﻿ / 40.9459; -73.8674﻿ (Yonkers),"https://en.wikipedia.org/wiki/Yonkers,_New_York",YonkersonianYonkersite
117,118,Aurora,Illinois,"199,602","197,899",+0.86%,44.9,116.3,4479,1729,41°45′49″N 88°17′24″W﻿ / ﻿41.7635°N 88.2901°W﻿ / 41.7635; -88.2901﻿ (Aurora),"https://en.wikipedia.org/wiki/Aurora,_Illinois",
118,119,Montgomery,Alabama,"198,218","205,764",-3.67%,159.8,413.9,1252,483,32°20′50″N 86°15′58″W﻿ / ﻿32.3472°N 86.2661°W﻿ / 32.3472; -86.2661﻿ (Montgomery),"https://en.wikipedia.org/wiki/Montgomery,_Alabama",
119,120,Akron,Ohio,"198,006","199,110",-0.55%,62,160.6,3188,1231,41°04′50″N 81°31′17″W﻿ / ﻿41.0805°N 81.5214°W﻿ / 41.0805; -81.5214﻿ (Akron),"https://en.wikipedia.org/wiki/Akron,_Ohio",Akronite
120,121,Little Rock,Arkansas,"197,881","193,524",+2.25%,118.7,307.4,1673,646,34°43′31″N 92°21′31″W﻿ / ﻿34.7254°N 92.3586°W﻿ / 34.7254; -92.3586﻿ (Little Rock),"https://en.wikipedia.org/wiki/Little_Rock,_Arkansas",Little Rocker
121,122,Huntsville,Alabama,"197,318","180,105",+9.56%,213.4,552.7,905,349,34°41′56″N 86°40′23″W﻿ / ﻿34.6990°N 86.6730°W﻿ / 34.6990; -86.6730﻿ (Huntsville),"https://en.wikipedia.org/wiki/Huntsville,_Alabama",Huntsvillian
122,123,Augusta[t],Georgia,"196,939","195,844",+0.56%,302.5,783.5,652,252,33°21′56″N 82°04′24″W﻿ / ﻿33.3655°N 82.0734°W﻿ / 33.3655; -82.0734﻿ (Augusta),"https://en.wikipedia.org/wiki/Augusta,_Georgia",
123,124,Port St. Lucie,Florida,"195,248","164,603",+18.62%,118.9,307.9,1557,601,27°16′50″N 80°23′18″W﻿ / ﻿27.2806°N 80.3883°W﻿ / 27.2806; -80.3883﻿ (Port St. Lucie),"https://en.wikipedia.org/wiki/Port_St._Lucie,_Florida",
124,125,Grand Prairie,Texas,"194,614","175,396",+10.96%,72.3,187.3,2637,1018,32°41′13″N 97°01′16″W﻿ / ﻿32.6869°N 97.0211°W﻿ / 32.6869; -97.0211﻿ (Grand Prairie),"https://en.wikipedia.org/wiki/Grand_Prairie,_Texas",Grand Prairian
125,126,Columbus[u],Georgia,"194,160","189,885",+2.25%,216.4,560.5,913,353,32°30′37″N 84°52′30″W﻿ / ﻿32.5102°N 84.8749°W﻿ / 32.5102; -84.8749﻿ (Columbus),"https://en.wikipedia.org/wiki/Columbus,_Georgia",
126,127,Tallahassee,Florida,"193,551","181,376",+6.71%,100.4,260,1901,734,30°27′18″N 84°15′12″W﻿ / ﻿30.4551°N 84.2534°W﻿ / 30.4551; -84.2534﻿ (Tallahassee),"https://en.wikipedia.org/wiki/Tallahassee,_Florida",
127,128,Overland Park,Kansas,"192,536","173,372",+11.05%,75.1,194.5,2516,971,38°53′20″N 94°41′26″W﻿ / ﻿38.8890°N 94.6906°W﻿ / 38.8890; -94.6906﻿ (Overland Park),"https://en.wikipedia.org/wiki/Overland_Park,_Kansas",
128,129,Tempe,Arizona,"192,364","161,719",+18.95%,40,103.6,4562,1761,33°23′18″N 111°55′54″W﻿ / ﻿33.3884°N 111.9318°W﻿ / 33.3884; -111.9318﻿ (Tempe),"https://en.wikipedia.org/wiki/Tempe,_Arizona",
129,130,McKinney,Texas,"191,645","131,117",+46.16%,63,163.2,2735,1056,33°11′55″N 96°40′05″W﻿ / ﻿33.1985°N 96.6680°W﻿ / 33.1985; -96.6680﻿ (McKinney),"https://en.wikipedia.org/wiki/McKinney,_Texas",McKinnian[citation needed]
130,131,Mobile,Alabama,"189,572","195,111",-2.84%,139.4,361,1384,534,30°40′06″N 88°06′01″W﻿ / ﻿30.6684°N 88.1002°W﻿ / 30.6684; -88.1002﻿ (Mobile),"https://en.wikipedia.org/wiki/Mobile,_Alabama",Mobilian
131,132,Cape Coral,Florida,"189,343","154,305",+22.71%,105.6,273.5,1703,658,26°38′36″N 81°59′51″W﻿ / ﻿26.6432°N 81.9974°W﻿ / 26.6432; -81.9974﻿ (Cape Coral),"https://en.wikipedia.org/wiki/Cape_Coral,_Florida",
132,133,Shreveport,Louisiana,"188,987","199,311",-5.18%,107.1,277.4,1820,700,32°28′01″N 93°47′32″W﻿ / ﻿32.4669°N 93.7922°W﻿ / 32.4669; -93.7922﻿ (Shreveport),"https://en.wikipedia.org/wiki/Shreveport,_Louisiana",Shreveporter[4]
133,134,Frisco,Texas,"188,170","116,989",+60.84%,67.7,175.3,2417,933,33°09′19″N 96°49′21″W﻿ / ﻿33.1554°N 96.8226°W﻿ / 33.1554; -96.8226﻿ (Frisco),"https://en.wikipedia.org/wiki/Frisco,_Texas",
134,135,Knoxville,Tennessee,"187,500","178,874",+4.82%,98.5,255.1,1891,730,35°58′15″N 83°56′57″W﻿ / ﻿35.9707°N 83.9493°W﻿ / 35.9707; -83.9493﻿ (Knoxville),"https://en.wikipedia.org/wiki/Knoxville,_Tennessee",Knoxvillian
135,136,Worcester,Massachusetts,"185,877","181,045",+2.67%,37.4,96.9,4933,1905,42°16′10″N 71°48′28″W﻿ / ﻿42.2695°N 71.8078°W﻿ / 42.2695; -71.8078﻿ (Worcester),"https://en.wikipedia.org/wiki/Worcester,_Massachusetts",
136,137,Brownsville,Texas,"183,392","175,023",+4.78%,132.5,343.2,1387,536,25°59′57″N 97°27′18″W﻿ / ﻿25.9991°N 97.4550°W﻿ / 25.9991; -97.4550﻿ (Brownsville),"https://en.wikipedia.org/wiki/Brownsville,_Texas",Brownsvillian
137,138,Vancouver,Washington,"183,012","161,791",+13.12%,46.9,121.5,3728,1439,45°38′06″N 122°35′45″W﻿ / ﻿45.6349°N 122.5957°W﻿ / 45.6349; -122.5957﻿ (Vancouver),"https://en.wikipedia.org/wiki/Vancouver,_Washington",
138,139,Fort Lauderdale,Florida,"182,595","165,521",+10.32%,34.6,89.6,5166,1995,26°08′28″N 80°08′48″W﻿ / ﻿26.1412°N 80.1467°W﻿ / 26.1412; -80.1467﻿ (Fort Lauderdale),"https://en.wikipedia.org/wiki/Fort_Lauderdale,_Florida",
139,140,Sioux Falls,South Dakota,"181,883","153,888",+18.19%,75.4,195.3,2312,893,43°32′18″N 96°43′55″W﻿ / ﻿43.5383°N 96.7320°W﻿ / 43.5383; -96.7320﻿ (Sioux Falls),"https://en.wikipedia.org/wiki/Sioux_Falls,_South_Dakota",
140,141,Ontario,California,"181,107","163,924",+10.48%,49.9,129.2,3471,1340,34°02′22″N 117°36′15″W﻿ / ﻿34.0394°N 117.6042°W﻿ / 34.0394; -117.6042﻿ (Ontario),"https://en.wikipedia.org/wiki/Ontario,_California",
141,142,Chattanooga,Tennessee,"180,557","167,674",+7.68%,143.1,370.6,1241,479,35°03′58″N 85°14′54″W﻿ / ﻿35.0660°N 85.2484°W﻿ / 35.0660; -85.2484﻿ (Chattanooga),"https://en.wikipedia.org/wiki/Chattanooga,_Tennessee",Chattanoogan
142,143,Providence,Rhode Island,"179,335","178,042",+0.73%,18.4,47.7,9740,3760,41°49′23″N 71°25′08″W﻿ / ﻿41.8231°N 71.4188°W﻿ / 41.8231; -71.4188﻿ (Providence),"https://en.wikipedia.org/wiki/Providence,_Rhode_Island",
143,144,Newport News[m],Virginia,"178,626","180,719",-1.16%,69.1,179,2631,1016,37°04′34″N 76°31′19″W﻿ / ﻿37.0762°N 76.5220°W﻿ / 37.0762; -76.5220﻿ (Newport News),"https://en.wikipedia.org/wiki/Newport_News,_Virginia",
144,145,Rancho Cucamonga,California,"177,751","165,269",+7.55%,40,103.6,4413,1704,34°07′24″N 117°33′51″W﻿ / ﻿34.1233°N 117.5642°W﻿ / 34.1233; -117.5642﻿ (Rancho Cucamonga),"https://en.wikipedia.org/wiki/Rancho_Cucamonga,_California",
145,146,Santa Rosa,California,"177,586","167,815",+5.82%,41.3,107,4241,1637,38°26′48″N 122°42′22″W﻿ / ﻿38.4468°N 122.7061°W﻿ / 38.4468; -122.7061﻿ (Santa Rosa),"https://en.wikipedia.org/wiki/Santa_Rosa,_California",
146,147,Oceanside,California,"176,080","167,086",+5.38%,41.3,107,4249,1641,33°13′28″N 117°18′22″W﻿ / ﻿33.2245°N 117.3062°W﻿ / 33.2245; -117.3062﻿ (Oceanside),"https://en.wikipedia.org/wiki/Oceanside,_California",OceansiderO’sider
147,148,Salem,Oregon,"173,442","154,637",+12.16%,48.6,125.9,3445,1330,44°55′25″N 123°01′24″W﻿ / ﻿44.9237°N 123.0232°W﻿ / 44.9237; -123.0232﻿ (Salem),"https://en.wikipedia.org/wiki/Salem,_Oregon",Salemite[4][5]
148,149,Elk Grove,California,"172,886","153,015",+12.99%,42.2,109.3,4022,1553,38°24′53″N 121°23′06″W﻿ / ﻿38.4146°N 121.3850°W﻿ / 38.4146; -121.3850﻿ (Elk Grove),"https://en.wikipedia.org/wiki/Elk_Grove,_California",
149,150,Garden Grove,California,"172,646","170,883",+1.03%,18,46.6,9714,3751,33°46′44″N 117°57′38″W﻿ / ﻿33.7788°N 117.9605°W﻿ / 33.7788; -117.9605﻿ (Garden Grove),"https://en.wikipedia.org/wiki/Garden_Grove,_California",
150,151,Pembroke Pines,Florida,"172,374","154,019",+11.92%,33,85.5,5109,1973,26°01′16″N 80°20′25″W﻿ / ﻿26.0210°N 80.3404°W﻿ / 26.0210; -80.3404﻿ (Pembroke Pines),"https://en.wikipedia.org/wiki/Pembroke_Pines,_Florida",
151,152,Peoria,Arizona,"172,259","154,065",+11.81%,175.7,455.1,934,361,33°47′10″N 112°18′29″W﻿ / ﻿33.7862°N 112.3080°W﻿ / 33.7862; -112.3080﻿ (Peoria),"https://en.wikipedia.org/wiki/Peoria,_Arizona",
152,153,Eugene,Oregon,"171,245","156,185",+9.64%,44.1,114.2,3777,1458,44°03′24″N 123°06′58″W﻿ / ﻿44.0567°N 123.1162°W﻿ / 44.0567; -123.1162﻿ (Eugene),"https://en.wikipedia.org/wiki/Eugene,_Oregon",Eugenean[4][5]
153,154,Corona,California,"168,819","152,374",+10.79%,39.5,102.3,4222,1630,33°51′43″N 117°33′56″W﻿ / ﻿33.8620°N 117.5655°W﻿ / 33.8620; -117.5655﻿ (Corona),"https://en.wikipedia.org/wiki/Corona,_California",
154,155,Cary[v],North Carolina,"168,160","135,234",+24.35%,56.5,146.3,2873,1109,35°46′51″N 78°48′48″W﻿ / ﻿35.7809°N 78.8133°W﻿ / 35.7809; -78.8133﻿ (Cary),"https://en.wikipedia.org/wiki/Cary,_North_Carolina",Caryite
155,156,Springfield,Missouri,"168,122","159,498",+5.41%,82.3,213.2,2033,785,37°11′39″N 93°17′29″W﻿ / ﻿37.1942°N 93.2913°W﻿ / 37.1942; -93.2913﻿ (Springfield),"https://en.wikipedia.org/wiki/Springfield,_Missouri",
156,157,Fort Collins,Colorado,"167,830","143,986",+16.56%,55.8,144.5,2943,1136,40°32′54″N 105°03′53″W﻿ / ﻿40.5482°N 105.0648°W﻿ / 40.5482; -105.0648﻿ (Fort Collins),"https://en.wikipedia.org/wiki/Fort_Collins,_Colorado",
157,158,Jackson,Mississippi,"164,422","173,514",-5.24%,111,287.5,1524,588,32°18′57″N 90°12′46″W﻿ / ﻿32.3158°N 90.2128°W﻿ / 32.3158; -90.2128﻿ (Jackson),"https://en.wikipedia.org/wiki/Jackson,_Mississippi",Jacksonian
158,159,Alexandria[m],Virginia,"160,530","139,966",+14.69%,15,38.8,10387,4010,38°49′12″N 77°05′03″W﻿ / ﻿38.8201°N 77.0841°W﻿ / 38.8201; -77.0841﻿ (Alexandria),"https://en.wikipedia.org/wiki/Alexandria,_Virginia",Alexandrian
159,160,Hayward,California,"159,620","144,186",+10.70%,45.5,117.8,3493,1349,37°37′43″N 122°06′09″W﻿ / ﻿37.6287°N 122.1024°W﻿ / 37.6287; -122.1024﻿ (Hayward),"https://en.wikipedia.org/wiki/Hayward,_California",
160,161,Lancaster,California,"159,053","156,633",+1.55%,94.3,244.2,1698,656,34°41′37″N 118°10′31″W﻿ / ﻿34.6936°N 118.1753°W﻿ / 34.6936; -118.1753﻿ (Lancaster),"https://en.wikipedia.org/wiki/Lancaster,_California",
161,162,Lakewood,Colorado,"156,798","142,980",+9.66%,42.9,111.1,3599,1390,39°41′56″N 105°07′03″W﻿ / ﻿39.6989°N 105.1176°W﻿ / 39.6989; -105.1176﻿ (Lakewood),"https://en.wikipedia.org/wiki/Lakewood,_Colorado",
162,163,Clarksville,Tennessee,"156,794","132,929",+17.95%,98.3,254.6,1529,590,36°33′59″N 87°20′43″W﻿ / ﻿36.5664°N 87.3452°W﻿ / 36.5664; -87.3452﻿ (Clarksville),"https://en.wikipedia.org/wiki/Clarksville,_Tennessee",
163,164,Palmdale,California,"156,667","152,750",+2.56%,106,274.5,1484,573,34°35′28″N 118°06′19″W﻿ / ﻿34.5910°N 118.1054°W﻿ / 34.5910; -118.1054﻿ (Palmdale),"https://en.wikipedia.org/wiki/Palmdale,_California",Palmdalite
164,165,Salinas,California,"156,259","150,441",+3.87%,23.6,61.1,6662,2572,36°41′25″N 121°38′01″W﻿ / ﻿36.6902°N 121.6337°W﻿ / 36.6902; -121.6337﻿ (Salinas),"https://en.wikipedia.org/wiki/Salinas,_California",
165,166,Springfield,Massachusetts,"155,032","153,060",+1.29%,31.9,82.6,4830,1860,42°06′56″N 72°32′24″W﻿ / ﻿42.1155°N 72.5400°W﻿ / 42.1155; -72.5400﻿ (Springfield),"https://en.wikipedia.org/wiki/Springfield,_Massachusetts",Springfieldian[a]Springfielder[13]
166,167,Hollywood,Florida,"154,823","140,768",+9.98%,27.3,70.7,5568,2150,26°01′52″N 80°09′53″W﻿ / ﻿26.0310°N 80.1646°W﻿ / 26.0310; -80.1646﻿ (Hollywood),"https://en.wikipedia.org/wiki/Hollywood,_Florida",
167,168,Pasadena,Texas,"153,219","149,043",+2.80%,43.5,112.7,3525,1361,29°39′31″N 95°09′02″W﻿ / ﻿29.6586°N 95.1506°W﻿ / 29.6586; -95.1506﻿ (Pasadena),"https://en.wikipedia.org/wiki/Pasadena,_Texas",
168,169,Sunnyvale,California,"153,185","140,081",+9.35%,22,57,6944,2681,37°23′09″N 122°01′35″W﻿ / ﻿37.3858°N 122.0263°W﻿ / 37.3858; -122.0263﻿ (Sunnyvale),"https://en.wikipedia.org/wiki/Sunnyvale,_California",
169,170,Macon[w],Georgia,"153,095","91,351",+67.59%,249.3,645.7,612,236,32°48′32″N 83°41′39″W﻿ / ﻿32.8088°N 83.6942°W﻿ / 32.8088; -83.6942﻿ (Macon),"https://en.wikipedia.org/wiki/Macon,_Georgia",Maconites
170,171,Kansas City[x],Kansas,"152,958","145,786",+4.92%,124.8,323.2,1216,470,39°07′21″N 94°44′30″W﻿ / ﻿39.1225°N 94.7418°W﻿ / 39.1225; -94.7418﻿ (Kansas City),"https://en.wikipedia.org/wiki/Kansas_City,_Kansas",
171,172,Pomona,California,"152,361","149,058",+2.22%,23,59.6,6630,2560,34°03′31″N 117°45′40″W﻿ / ﻿34.0585°N 117.7611°W﻿ / 34.0585; -117.7611﻿ (Pomona),"https://en.wikipedia.org/wiki/Pomona,_California",
172,173,Escondido,California,"152,213","143,911",+5.77%,37.1,96.1,4087,1578,33°07′59″N 117°04′26″W﻿ / ﻿33.1331°N 117.0740°W﻿ / 33.1331; -117.0740﻿ (Escondido),"https://en.wikipedia.org/wiki/Escondido,_California",
173,174,Killeen,Texas,"149,103","127,921",+16.56%,53.5,138.6,2680,1030,31°04′40″N 97°43′55″W﻿ / ﻿31.0777°N 97.7320°W﻿ / 31.0777; -97.7320﻿ (Killeen),"https://en.wikipedia.org/wiki/Killeen,_Texas",
174,175,Naperville,Illinois,"148,304","141,853",+4.55%,38.7,100.2,3802,1468,41°44′57″N 88°09′43″W﻿ / ﻿41.7492°N 88.1620°W﻿ / 41.7492; -88.1620﻿ (Naperville),"https://en.wikipedia.org/wiki/Naperville,_Illinois",Napervillian
175,176,Joliet,Illinois,"148,099","147,433",+0.45%,64.4,166.8,2302,889,41°31′04″N 88°08′56″W﻿ / ﻿41.5177°N 88.1488°W﻿ / 41.5177; -88.1488﻿ (Joliet),"https://en.wikipedia.org/wiki/Joliet,_Illinois",
176,177,Bellevue,Washington,"147,599","122,363",+20.62%,33.5,86.8,4221,1630,47°35′52″N 122°09′23″W﻿ / ﻿47.5979°N 122.1565°W﻿ / 47.5979; -122.1565﻿ (Bellevue),"https://en.wikipedia.org/wiki/Bellevue,_Washington",
177,178,Rockford,Illinois,"146,526","152,871",-4.15%,63.5,164.5,2325,898,42°15′32″N 89°03′53″W﻿ / ﻿42.2588°N 89.0646°W﻿ / 42.2588; -89.0646﻿ (Rockford),"https://en.wikipedia.org/wiki/Rockford,_Illinois",
178,179,Savannah,Georgia,"145,862","136,286",+7.03%,103.6,268.3,1417,547,32°00′09″N 81°09′13″W﻿ / ﻿32.0025°N 81.1536°W﻿ / 32.0025; -81.1536﻿ (Savannah),"https://en.wikipedia.org/wiki/Savannah,_Georgia",Savannahian
179,180,Paterson,New Jersey,"145,627","146,199",-0.39%,8.4,21.8,17500,6800,40°54′53″N 74°09′46″W﻿ / ﻿40.9148°N 74.1628°W﻿ / 40.9148; -74.1628﻿ (Paterson),"https://en.wikipedia.org/wiki/Paterson,_New_Jersey",
180,181,Torrance,California,"145,182","145,438",-0.18%,20.5,53.1,7180,2770,33°50′06″N 118°20′29″W﻿ / ﻿33.8350°N 118.3414°W﻿ / 33.8350; -118.3414﻿ (Torrance),"https://en.wikipedia.org/wiki/Torrance,_California",
181,182,Bridgeport,Connecticut,"144,900","144,229",+0.47%,16.1,41.7,9064,3500,41°11′15″N 73°11′45″W﻿ / ﻿41.1874°N 73.1958°W﻿ / 41.1874; -73.1958﻿ (Bridgeport),"https://en.wikipedia.org/wiki/Bridgeport,_Connecticut",
182,183,McAllen,Texas,"143,433","129,877",+10.44%,58.4,151.3,2435,940,26°13′56″N 98°14′47″W﻿ / ﻿26.2322°N 98.2464°W﻿ / 26.2322; -98.2464﻿ (McAllen),"https://en.wikipedia.org/wiki/McAllen,_Texas",
183,184,Mesquite,Texas,"142,816","139,824",+2.14%,47.2,122.2,3045,1176,32°45′46″N 96°35′20″W﻿ / ﻿32.7629°N 96.5888°W﻿ / 32.7629; -96.5888﻿ (Mesquite),"https://en.wikipedia.org/wiki/Mesquite,_Texas",
184,185,Syracuse,New York,"142,749","145,170",-1.67%,25,64.7,5735,2214,43°02′28″N 76°08′37″W﻿ / ﻿43.0410°N 76.1436°W﻿ / 43.0410; -76.1436﻿ (Syracuse),"https://en.wikipedia.org/wiki/Syracuse,_New_York",Syracusan
185,186,Midland,Texas,"142,344","111,147",+28.07%,74.4,192.7,1809,698,32°01′29″N 102°06′49″W﻿ / ﻿32.0246°N 102.1135°W﻿ / 32.0246; -102.1135﻿ (Midland),"https://en.wikipedia.org/wiki/Midland,_Texas",Midlander
186,187,Pasadena,California,"141,371","137,122",+3.10%,23,59.6,6176,2385,34°09′38″N 118°08′23″W﻿ / ﻿34.1606°N 118.1396°W﻿ / 34.1606; -118.1396﻿ (Pasadena),"https://en.wikipedia.org/wiki/Pasadena,_California",Pasadenan
187,188,Murfreesboro,Tennessee,"141,344","108,755",+29.97%,55.9,144.8,2360,910,35°51′08″N 86°24′58″W﻿ / ﻿35.8522°N 86.4160°W﻿ / 35.8522; -86.4160﻿ (Murfreesboro),"https://en.wikipedia.org/wiki/Murfreesboro,_Tennessee",
188,189,Miramar,Florida,"140,823","122,041",+15.39%,29.4,76.1,4709,1818,25°58′37″N 80°20′09″W﻿ / ﻿25.9770°N 80.3358°W﻿ / 25.9770; -80.3358﻿ (Miramar),"https://en.wikipedia.org/wiki/Miramar,_Florida",
189,190,Dayton,Ohio,"140,640","141,527",-0.63%,55.7,144.3,2522,974,39°46′39″N 84°11′59″W﻿ / ﻿39.7774°N 84.1996°W﻿ / 39.7774; -84.1996﻿ (Dayton),"https://en.wikipedia.org/wiki/Dayton,_Ohio",
190,191,Fullerton,California,"139,640","135,161",+3.31%,22.4,58,6282,2425,33°53′09″N 117°55′41″W﻿ / ﻿33.8857°N 117.9280°W﻿ / 33.8857; -117.9280﻿ (Fullerton),"https://en.wikipedia.org/wiki/Fullerton,_California",Fullertonian
191,192,Olathe,Kansas,"139,605","125,872",+10.91%,60.9,157.7,2225,859,38°53′03″N 94°49′10″W﻿ / ﻿38.8843°N 94.8195°W﻿ / 38.8843; -94.8195﻿ (Olathe),"https://en.wikipedia.org/wiki/Olathe,_Kansas",
192,193,Orange,California,"139,484","136,416",+2.25%,25.4,65.8,5532,2136,33°47′13″N 117°51′41″W﻿ / ﻿33.7870°N 117.8613°W﻿ / 33.7870; -117.8613﻿ (Orange),"https://en.wikipedia.org/wiki/Orange,_California",
193,194,Thornton,Colorado,"139,436","118,772",+17.40%,35.7,92.5,3829,1478,39°55′10″N 104°56′34″W﻿ / ﻿39.9194°N 104.9428°W﻿ / 39.9194; -104.9428﻿ (Thornton),"https://en.wikipedia.org/wiki/Thornton,_Colorado",
194,195,Roseville,California,"139,117","118,788",+17.11%,43,111.4,3085,1191,38°46′08″N 121°19′08″W﻿ / ﻿38.7690°N 121.3189°W﻿ / 38.7690; -121.3189﻿ (Roseville),"https://en.wikipedia.org/wiki/Roseville,_California",
195,196,Denton,Texas,"138,541","113,383",+22.19%,93.4,241.9,1433,553,33°13′00″N 97°08′29″W﻿ / ﻿33.2166°N 97.1414°W﻿ / 33.2166; -97.1414﻿ (Denton),"https://en.wikipedia.org/wiki/Denton,_Texas",Dentonite
196,197,Waco,Texas,"138,183","124,805",+10.72%,89,230.5,1510,580,31°33′36″N 97°11′10″W﻿ / ﻿31.5601°N 97.1860°W﻿ / 31.5601; -97.1860﻿ (Waco),"https://en.wikipedia.org/wiki/Waco,_Texas",Wacoan
197,198,Surprise,Arizona,"138,161","117,517",+17.57%,107.9,279.5,1230,470,33°40′14″N 112°27′10″W﻿ / ﻿33.6706°N 112.4527°W﻿ / 33.6706; -112.4527﻿ (Surprise),"https://en.wikipedia.org/wiki/Surprise,_Arizona",
198,199,Carrollton,Texas,"136,879","119,097",+14.93%,36.3,94,3674,1419,32°59′18″N 96°53′59″W﻿ / ﻿32.9884°N 96.8998°W﻿ / 32.9884; -96.8998﻿ (Carrollton),"https://en.wikipedia.org/wiki/Carrollton,_Texas",
199,200,West Valley City,Utah,"136,401","129,480",+5.35%,35.5,91.9,3847,1485,40°41′19″N 112°00′42″W﻿ / ﻿40.6885°N 112.0118°W﻿ / 40.6885; -112.0118﻿ (West Valley City),"https://en.wikipedia.org/wiki/West_Valley_City,_Utah",
200,201,Charleston,South Carolina,"136,208","120,083",+13.43%,109,282.3,1233,476,32°49′04″N 79°57′32″W﻿ / ﻿32.8179°N 79.9590°W﻿ / 32.8179; -79.9590﻿ (Charleston),"https://en.wikipedia.org/wiki/Charleston,_South_Carolina",Charlestonian
201,202,Warren,Michigan,"134,587","134,056",+0.40%,34.4,89.1,3928,1517,42°29′34″N 83°01′30″W﻿ / ﻿42.4929°N 83.0250°W﻿ / 42.4929; -83.0250﻿ (Warren),"https://en.wikipedia.org/wiki/Warren,_Michigan",
202,203,Hampton[m],Virginia,"134,313","137,436",-2.27%,51.5,133.4,2629,1015,37°02′53″N 76°17′50″W﻿ / ﻿37.0480°N 76.2971°W﻿ / 37.0480; -76.2971﻿ (Hampton),"https://en.wikipedia.org/wiki/Hampton,_Virginia",
203,204,Gainesville,Florida,"133,857","124,354",+7.64%,62.3,161.4,2112,815,29°40′44″N 82°20′46″W﻿ / ﻿29.6788°N 82.3461°W﻿ / 29.6788; -82.3461﻿ (Gainesville),"https://en.wikipedia.org/wiki/Gainesville,_Florida",
204,205,Visalia,California,"133,800","124,442",+7.52%,37.5,97.1,3495,1349,36°19′38″N 119°19′44″W﻿ / ﻿36.3273°N 119.3289°W﻿ / 36.3273; -119.3289﻿ (Visalia),"https://en.wikipedia.org/wiki/Visalia,_California",Visalian
205,206,Coral Springs,Florida,"133,507","121,096",+10.25%,23.8,61.6,5465,2110,26°16′15″N 80°15′33″W﻿ / ﻿26.2707°N 80.2593°W﻿ / 26.2707; -80.2593﻿ (Coral Springs),"https://en.wikipedia.org/wiki/Coral_Springs,_Florida",
206,207,Columbia,South Carolina,"133,451","129,272",+3.23%,133.5,345.8,1006,388,34°01′45″N 80°53′53″W﻿ / ﻿34.0291°N 80.8980°W﻿ / 34.0291; -80.8980﻿ (Columbia),"https://en.wikipedia.org/wiki/Columbia,_South_Carolina",
207,208,Cedar Rapids,Iowa,"133,174","126,326",+5.42%,70.8,183.4,1852,715,41°58′01″N 91°40′40″W﻿ / ﻿41.9670°N 91.6778°W﻿ / 41.9670; -91.6778﻿ (Cedar Rapids),"https://en.wikipedia.org/wiki/Cedar_Rapids,_Iowa",
208,209,Sterling Heights,Michigan,"132,964","129,699",+2.52%,36.5,94.5,3628,1401,42°34′52″N 83°01′49″W﻿ / ﻿42.5812°N 83.0303°W﻿ / 42.5812; -83.0303﻿ (Sterling Heights),"https://en.wikipedia.org/wiki/Sterling_Heights,_Michigan",
209,210,New Haven,Connecticut,"130,418","129,779",+0.49%,18.7,48.4,6948,2683,41°18′39″N 72°55′30″W﻿ / ﻿41.3108°N 72.9250°W﻿ / 41.3108; -72.9250﻿ (New Haven),"https://en.wikipedia.org/wiki/New_Haven,_Connecticut",New Havener
210,211,Stamford,Connecticut,"129,775","122,643",+5.82%,37.6,97.4,3434,1326,41°04′48″N 73°32′46″W﻿ / ﻿41.0799°N 73.5460°W﻿ / 41.0799; -73.5460﻿ (Stamford),"https://en.wikipedia.org/wiki/Stamford,_Connecticut","Stamfordian, Stamfordite"
211,212,Concord,California,"129,688","122,067",+6.24%,30.5,79,4221,1630,37°58′20″N 122°00′06″W﻿ / ﻿37.9722°N 122.0016°W﻿ / 37.9722; -122.0016﻿ (Concord),"https://en.wikipedia.org/wiki/Concord,_California",
212,213,Kent,Washington,"129,618","92,411",+40.26%,33.7,87.3,3784,1461,47°23′17″N 122°12′46″W﻿ / ﻿47.3880°N 122.2127°W﻿ / 47.3880; -122.2127﻿ (Kent),"https://en.wikipedia.org/wiki/Kent,_Washington",
213,214,Santa Clara,California,"129,488","116,468",+11.18%,18.4,47.7,6845,2643,37°21′53″N 121°58′04″W﻿ / ﻿37.3646°N 121.9679°W﻿ / 37.3646; -121.9679﻿ (Santa Clara),"https://en.wikipedia.org/wiki/Santa_Clara,_California",
214,215,Elizabeth,New Jersey,"128,885","124,969",+3.13%,12.3,31.9,10459,4038,40°39′59″N 74°11′37″W﻿ / ﻿40.6664°N 74.1935°W﻿ / 40.6664; -74.1935﻿ (Elizabeth),"https://en.wikipedia.org/wiki/Elizabeth,_New_Jersey",
215,216,Round Rock,Texas,"128,739","99,887",+28.88%,35.6,92.2,3396,1311,30°31′31″N 97°39′58″W﻿ / ﻿30.5252°N 97.6660°W﻿ / 30.5252; -97.6660﻿ (Round Rock),"https://en.wikipedia.org/wiki/Round_Rock,_Texas",Round Rockers
216,217,Thousand Oaks,California,"127,690","126,683",+0.79%,55.2,143,2335,902,34°11′36″N 118°52′27″W﻿ / ﻿34.1933°N 118.8742°W﻿ / 34.1933; -118.8742﻿ (Thousand Oaks),"https://en.wikipedia.org/wiki/Thousand_Oaks,_California",
217,218,Lafayette[y],Louisiana,"126,143","120,623",+4.58%,53.8,139.3,2372,916,30°12′27″N 92°01′43″W﻿ / ﻿30.2074°N 92.0285°W﻿ / 30.2074; -92.0285﻿ (Lafayette),"https://en.wikipedia.org/wiki/Lafayette,_Louisiana",Lafayettiens
218,219,Athens[z],Georgia,"125,964","115,452",+9.11%,116.4,301.5,1060,410,33°56′59″N 83°22′12″W﻿ / ﻿33.9496°N 83.3701°W﻿ / 33.9496; -83.3701﻿ (Athens),"https://en.wikipedia.org/wiki/Athens,_Georgia",
219,220,Topeka,Kansas,"125,904","127,473",-1.23%,61.5,159.3,2062,796,39°02′05″N 95°41′46″W﻿ / ﻿39.0347°N 95.6962°W﻿ / 39.0347; -95.6962﻿ (Topeka),"https://en.wikipedia.org/wiki/Topeka,_Kansas",Topekan
220,221,Simi Valley,California,"125,851","124,237",+1.30%,41.5,107.5,3044,1175,34°16′01″N 118°44′55″W﻿ / ﻿34.2669°N 118.7485°W﻿ / 34.2669; -118.7485﻿ (Simi Valley),"https://en.wikipedia.org/wiki/Simi_Valley,_California",
221,222,Fargo,North Dakota,"124,844","105,549",+18.28%,49.3,127.7,2450,950,46°51′55″N 96°49′44″W﻿ / ﻿46.8652°N 96.8290°W﻿ / 46.8652; -96.8290﻿ (Fargo),"https://en.wikipedia.org/wiki/Fargo,_North_Dakota",Fargoan
222,223,Norman,Oklahoma,"123,471","110,925",+11.31%,178.8,463.1,683,264,35°14′26″N 97°20′43″W﻿ / ﻿35.2406°N 97.3453°W﻿ / 35.2406; -97.3453﻿ (Norman),"https://en.wikipedia.org/wiki/Norman,_Oklahoma",
223,224,Columbia,Missouri,"123,180","108,500",+13.53%,65,168.3,1856,717,38°57′06″N 92°19′43″W﻿ / ﻿38.951561°N 92.328638°W﻿ / 38.951561; -92.328638﻿ (Columbia),"https://en.wikipedia.org/wiki/Columbia,_Missouri",Columbian(s)
224,225,Abilene,Texas,"122,999","117,063",+5.07%,106.7,276.4,1146,442,32°27′16″N 99°44′17″W﻿ / ﻿32.4545°N 99.7381°W﻿ / 32.4545; -99.7381﻿ (Abilene),"https://en.wikipedia.org/wiki/Abilene,_Texas",Abilenian
225,226,Wilmington,North Carolina,"122,607","106,476",+15.15%,51.6,133.6,2278,880,34°12′33″N 77°53′09″W﻿ / ﻿34.2092°N 77.8858°W﻿ / 34.2092; -77.8858﻿ (Wilmington),"https://en.wikipedia.org/wiki/Wilmington,_North_Carolina",Wilmingtonian
226,227,Hartford,Connecticut,"122,587","124,775",-1.75%,17.4,45.1,7083,2735,41°45′57″N 72°40′54″W﻿ / ﻿41.7659°N 72.6816°W﻿ / 41.7659; -72.6816﻿ (Hartford),"https://en.wikipedia.org/wiki/Hartford,_Connecticut",Hartfordite
227,228,Victorville,California,"122,312","115,903",+5.53%,73.3,189.8,1668,644,34°31′40″N 117°21′13″W﻿ / ﻿34.5277°N 117.3536°W﻿ / 34.5277; -117.3536﻿ (Victorville),"https://en.wikipedia.org/wiki/Victorville,_California",
228,229,Pearland,Texas,"122,149","91,252",+33.86%,46.3,119.9,2453,947,29°33′21″N 95°19′23″W﻿ / ﻿29.5558°N 95.3231°W﻿ / 29.5558; -95.3231﻿ (Pearland),"https://en.wikipedia.org/wiki/Pearland,_Texas",
229,230,Vallejo,California,"121,913","115,942",+5.15%,30.7,79.5,3951,1525,38°06′28″N 122°15′50″W﻿ / ﻿38.1079°N 122.2640°W﻿ / 38.1079; -122.2640﻿ (Vallejo),"https://en.wikipedia.org/wiki/Vallejo,_California",
230,231,Ann Arbor,Michigan,"121,890","113,934",+6.98%,28.1,72.8,4298,1659,42°16′34″N 83°43′51″W﻿ / ﻿42.2761°N 83.7309°W﻿ / 42.2761; -83.7309﻿ (Ann Arbor),"https://en.wikipedia.org/wiki/Ann_Arbor,_Michigan",Ann Arborite
231,232,Berkeley,California,"121,643","112,580",+8.05%,10.5,27.2,11547,4458,37°52′01″N 122°17′57″W﻿ / ﻿37.8670°N 122.2991°W﻿ / 37.8670; -122.2991﻿ (Berkeley),"https://en.wikipedia.org/wiki/Berkeley,_California",Berkeleyan
232,233,Allentown,Pennsylvania,"121,433","118,032",+2.88%,17.5,45.3,6882,2657,40°35′37″N 75°28′42″W﻿ / ﻿40.5936°N 75.4784°W﻿ / 40.5936; -75.4784﻿ (Allentown),"https://en.wikipedia.org/wiki/Allentown,_Pennsylvania",Allentonian
233,234,Richardson,Texas,"120,981","99,223",+21.93%,28.6,74.1,3963,1530,32°58′20″N 96°42′29″W﻿ / ﻿32.9723°N 96.7081°W﻿ / 32.9723; -96.7081﻿ (Richardson),"https://en.wikipedia.org/wiki/Richardson,_Texas",
234,235,Odessa,Texas,"120,568","99,940",+20.64%,45.2,117.1,2608,1007,31°53′02″N 102°20′28″W﻿ / ﻿31.8838°N 102.3411°W﻿ / 31.8838; -102.3411﻿ (Odessa),"https://en.wikipedia.org/wiki/Odessa,_Texas",
235,236,Arvada,Colorado,"120,492","106,433",+13.21%,38.6,100,3043,1175,39°50′01″N 105°09′01″W﻿ / ﻿39.8337°N 105.1503°W﻿ / 39.8337; -105.1503﻿ (Arvada),"https://en.wikipedia.org/wiki/Arvada,_Colorado",Arvadan
236,237,Cambridge,Massachusetts,"118,977","105,162",+13.14%,6.4,16.6,17289,6675,42°22′34″N 71°07′07″W﻿ / ﻿42.3760°N 71.1187°W﻿ / 42.3760; -71.1187﻿ (Cambridge),"https://en.wikipedia.org/wiki/Cambridge,_Massachusetts",Cantabrigian
237,238,Sugar Land,Texas,"118,600","78,817",+50.48%,34,88.1,3488,1347,29°35′58″N 95°36′51″W﻿ / ﻿29.5994°N 95.6142°W﻿ / 29.5994; -95.6142﻿ (Sugar Land),"https://en.wikipedia.org/wiki/Sugar_Land,_Texas",
238,239,Beaumont,Texas,"118,428","118,296",+0.11%,82.1,212.6,1441,556,30°05′06″N 94°08′43″W﻿ / ﻿30.0849°N 94.1453°W﻿ / 30.0849; -94.1453﻿ (Beaumont),"https://en.wikipedia.org/wiki/Beaumont,_Texas",Beaumonter
239,240,Lansing,Michigan,"118,427","114,297",+3.61%,39.1,101.3,2967,1146,42°42′51″N 84°33′33″W﻿ / ﻿42.7143°N 84.5593°W﻿ / 42.7143; -84.5593﻿ (Lansing),"https://en.wikipedia.org/wiki/Lansing,_Michigan",Lansingite
240,241,Evansville,Indiana,"117,963","117,429",+0.45%,47.3,122.5,2526,975,37°59′16″N 87°32′05″W﻿ / ﻿37.9877°N 87.5347°W﻿ / 37.9877; -87.5347﻿ (Evansville),"https://en.wikipedia.org/wiki/Evansville,_Indiana","Evansvillian, Vanderburger"
241,242,Rochester,Minnesota,"116,961","106,769",+9.55%,54.6,141.4,2088,806,44°00′55″N 92°28′38″W﻿ / ﻿44.0154°N 92.4772°W﻿ / 44.0154; -92.4772﻿ (Rochester),"https://en.wikipedia.org/wiki/Rochester,_Minnesota",
242,243,Independence,Missouri,"116,925","116,830",+0.08%,77.8,201.5,1504,581,39°05′08″N 94°21′08″W﻿ / ﻿39.0855°N 94.3521°W﻿ / 39.0855; -94.3521﻿ (Independence),"https://en.wikipedia.org/wiki/Independence,_Missouri",
243,244,Fairfield,California,"116,884","105,321",+10.98%,40.9,105.9,2806,1083,38°15′33″N 122°01′56″W﻿ / ﻿38.2593°N 122.0321°W﻿ / 38.2593; -122.0321﻿ (Fairfield),"https://en.wikipedia.org/wiki/Fairfield,_California",
244,245,Provo,Utah,"116,702","112,488",+3.75%,41.7,108,2803,1082,40°14′43″N 111°38′41″W﻿ / ﻿40.2453°N 111.6448°W﻿ / 40.2453; -111.6448﻿ (Provo),"https://en.wikipedia.org/wiki/Provo,_Utah",
245,246,Clearwater,Florida,"116,478","107,685",+8.17%,25.9,67.1,4415,1705,27°58′44″N 82°46′00″W﻿ / ﻿27.9789°N 82.7666°W﻿ / 27.9789; -82.7666﻿ (Clearwater),"https://en.wikipedia.org/wiki/Clearwater,_Florida",
246,247,College Station,Texas,"116,218","93,857",+23.82%,51,132.1,2199,849,30°35′07″N 96°17′47″W﻿ / ﻿30.5852°N 96.2964°W﻿ / 30.5852; -96.2964﻿ (College Station),"https://en.wikipedia.org/wiki/College_Station,_Texas",
247,248,West Jordan,Utah,"116,046","103,712",+11.89%,32.3,83.7,3520,1360,40°36′09″N 112°00′03″W﻿ / ﻿40.6024°N 112.0008°W﻿ / 40.6024; -112.0008﻿ (West Jordan),"https://en.wikipedia.org/wiki/West_Jordan,_Utah",
248,249,Carlsbad,California,"115,877","105,328",+10.02%,37.7,97.6,3023,1167,33°07′26″N 117°16′58″W﻿ / ﻿33.1239°N 117.2828°W﻿ / 33.1239; -117.2828﻿ (Carlsbad),"https://en.wikipedia.org/wiki/Carlsbad,_California",
249,250,El Monte,California,"115,586","113,475",+1.86%,9.6,24.9,12063,4658,34°04′29″N 118°01′45″W﻿ / ﻿34.0746°N 118.0291°W﻿ / 34.0746; -118.0291﻿ (El Monte),"https://en.wikipedia.org/wiki/El_Monte,_California",
250,251,Murrieta,California,"114,985","103,466",+11.13%,33.6,87,3324,1283,33°34′20″N 117°11′25″W﻿ / ﻿33.5721°N 117.1904°W﻿ / 33.5721; -117.1904﻿ (Murrieta),"https://en.wikipedia.org/wiki/Murrieta,_California",
251,252,Temecula,California,"114,742","100,097",+14.63%,37.3,96.6,3031,1170,33°29′35″N 117°07′54″W﻿ / ﻿33.4931°N 117.1317°W﻿ / 33.4931; -117.1317﻿ (Temecula),"https://en.wikipedia.org/wiki/Temecula,_California",
252,253,Springfield,Illinois,"114,694","116,250",-1.34%,60.1,155.7,1925,743,39°47′28″N 89°38′41″W﻿ / ﻿39.7911°N 89.6446°W﻿ / 39.7911; -89.6446﻿ (Springfield),"https://en.wikipedia.org/wiki/Springfield,_Illinois",
253,254,Palm Bay,Florida,"114,194","103,190",+10.66%,65.7,170.2,1676,647,27°59′08″N 80°39′45″W﻿ / ﻿27.9856°N 80.6626°W﻿ / 27.9856; -80.6626﻿ (Palm Bay),"https://en.wikipedia.org/wiki/Palm_Bay,_Florida",
254,255,Costa Mesa,California,"113,615","109,960",+3.32%,15.7,40.7,7186,2775,33°39′57″N 117°54′44″W﻿ / ﻿33.6659°N 117.9123°W﻿ / 33.6659; -117.9123﻿ (Costa Mesa),"https://en.wikipedia.org/wiki/Costa_Mesa,_California",Costa Mesan
255,256,Westminster,Colorado,"113,479","106,114",+6.94%,31.7,82.1,3592,1387,39°52′56″N 105°03′52″W﻿ / ﻿39.8822°N 105.0644°W﻿ / 39.8822; -105.0644﻿ (Westminster),"https://en.wikipedia.org/wiki/Westminster,_Colorado",
256,257,North Charleston,South Carolina,"113,237","97,471",+16.18%,73.7,190.9,1483,573,32°55′04″N 80°03′54″W﻿ / ﻿32.9178°N 80.0650°W﻿ / 32.9178; -80.0650﻿ (North Charleston),"https://en.wikipedia.org/wiki/North_Charleston,_South_Carolina",
257,258,Miami Gardens,Florida,"113,069","107,167",+5.51%,18.2,47.1,6212,2398,25°56′56″N 80°14′37″W﻿ / ﻿25.9489°N 80.2436°W﻿ / 25.9489; -80.2436﻿ (Miami Gardens),"https://en.wikipedia.org/wiki/Miami_Gardens,_Florida",
258,259,Manchester,New Hampshire,"112,525","109,565",+2.70%,33.1,85.7,3339,1289,42°59′06″N 71°26′39″W﻿ / ﻿42.9849°N 71.4441°W﻿ / 42.9849; -71.4441﻿ (Manchester),"https://en.wikipedia.org/wiki/Manchester,_New_Hampshire",
259,260,High Point,North Carolina,"112,316","104,371",+7.61%,55.2,143,2015,778,35°59′24″N 79°59′26″W﻿ / ﻿35.9900°N 79.9905°W﻿ / 35.9900; -79.9905﻿ (High Point),"https://en.wikipedia.org/wiki/High_Point,_North_Carolina",
260,261,Downey,California,"112,269","111,772",+0.44%,12.4,32.1,9134,3527,33°56′18″N 118°07′51″W﻿ / ﻿33.9382°N 118.1309°W﻿ / 33.9382; -118.1309﻿ (Downey),"https://en.wikipedia.org/wiki/Downey,_California",
261,262,Clovis,California,"112,022","95,631",+17.14%,24.2,62.7,4404,1700,36°49′42″N 119°41′06″W﻿ / ﻿36.8282°N 119.6849°W﻿ / 36.8282; -119.6849﻿ (Clovis),"https://en.wikipedia.org/wiki/Clovis,_California",
262,263,Pompano Beach,Florida,"111,954","99,845",+12.13%,24,62.2,4558,1760,26°14′30″N 80°08′02″W﻿ / ﻿26.2416°N 80.1339°W﻿ / 26.2416; -80.1339﻿ (Pompano Beach),"https://en.wikipedia.org/wiki/Pompano_Beach,_Florida",
263,264,Pueblo,Colorado,"111,750","106,595",+4.84%,53.6,138.8,2058,795,38°16′12″N 104°36′44″W﻿ / ﻿38.2699°N 104.6123°W﻿ / 38.2699; -104.6123﻿ (Pueblo),"https://en.wikipedia.org/wiki/Pueblo,_Colorado",
264,265,Elgin,Illinois,"111,683","108,188",+3.23%,37.4,96.9,2998,1158,42°02′23″N 88°19′18″W﻿ / ﻿42.0396°N 88.3217°W﻿ / 42.0396; -88.3217﻿ (Elgin),"https://en.wikipedia.org/wiki/Elgin,_Illinois",
265,266,Lowell,Massachusetts,"111,670","106,519",+4.84%,13.6,35.2,8129,3139,42°38′20″N 71°19′16″W﻿ / ﻿42.6390°N 71.3211°W﻿ / 42.6390; -71.3211﻿ (Lowell),"https://en.wikipedia.org/wiki/Lowell,_Massachusetts",Lowellian
266,267,Antioch,California,"111,535","102,372",+8.95%,29.4,76.1,3772,1456,37°58′45″N 121°47′46″W﻿ / ﻿37.9791°N 121.7962°W﻿ / 37.9791; -121.7962﻿ (Antioch),"https://en.wikipedia.org/wiki/Antioch,_California",
267,268,West Palm Beach,Florida,"111,398","99,919",+11.49%,55.1,142.7,1963,758,26°44′47″N 80°07′30″W﻿ / ﻿26.7464°N 80.1251°W﻿ / 26.7464; -80.1251﻿ (West Palm Beach),"https://en.wikipedia.org/wiki/West_Palm_Beach,_Florida",
268,269,Peoria,Illinois,"111,388","115,007",-3.15%,48.2,124.8,2371,915,40°45′05″N 89°37′03″W﻿ / ﻿40.7515°N 89.6174°W﻿ / 40.7515; -89.6174﻿ (Peoria),"https://en.wikipedia.org/wiki/Peoria,_Illinois",
269,270,Everett,Washington,"111,262","103,019",+8.00%,33.3,86.2,3275,1264,47°57′24″N 122°11′29″W﻿ / ﻿47.9566°N 122.1914°W﻿ / 47.9566; -122.1914﻿ (Everett),"https://en.wikipedia.org/wiki/Everett,_Washington",
270,271,Ventura[aa],California,"111,128","106,433",+4.41%,21.8,56.5,5027,1941,34°16′04″N 119°15′15″W﻿ / ﻿34.2678°N 119.2542°W﻿ / 34.2678; -119.2542﻿ (Ventura),"https://en.wikipedia.org/wiki/Ventura,_California",Venturan
271,272,Centennial,Colorado,"110,831","100,377",+10.41%,29.5,76.4,3727,1439,39°35′26″N 104°52′09″W﻿ / ﻿39.5906°N 104.8691°W﻿ / 39.5906; -104.8691﻿ (Centennial),"https://en.wikipedia.org/wiki/Centennial,_Colorado",
272,273,Lakeland,Florida,"110,516","97,422",+13.44%,65.9,170.7,1615,624,28°03′20″N 81°57′18″W﻿ / ﻿28.0555°N 81.9549°W﻿ / 28.0555; -81.9549﻿ (Lakeland),"https://en.wikipedia.org/wiki/Lakeland,_Florida",Lakelander
273,274,Gresham,Oregon,"110,158","105,594",+4.32%,23.3,60.3,4786,1848,45°30′08″N 122°26′30″W﻿ / ﻿45.5023°N 122.4416°W﻿ / 45.5023; -122.4416﻿ (Gresham),"https://en.wikipedia.org/wiki/Gresham,_Oregon",Greshamite[5]
274,275,Richmond,California,"110,146","103,701",+6.21%,30.1,78,3648,1409,37°57′08″N 122°21′38″W﻿ / ﻿37.9523°N 122.3606°W﻿ / 37.9523; -122.3606﻿ (Richmond),"https://en.wikipedia.org/wiki/Richmond,_California",
275,276,Billings,Montana,"109,550","104,170",+5.16%,43.7,113.2,2525,975,45°47′19″N 108°33′00″W﻿ / ﻿45.7885°N 108.5499°W﻿ / 45.7885; -108.5499﻿ (Billings),"https://en.wikipedia.org/wiki/Billings,_Montana",
276,277,Inglewood,California,"109,419","109,673",-0.23%,9.1,23.6,12160,4700,33°57′22″N 118°20′39″W﻿ / ﻿33.9561°N 118.3443°W﻿ / 33.9561; -118.3443﻿ (Inglewood),"https://en.wikipedia.org/wiki/Inglewood,_California",
277,278,Broken Arrow,Oklahoma,"109,171","98,850",+10.44%,61.7,159.8,1741,672,36°02′11″N 95°46′52″W﻿ / ﻿36.0365°N 95.7810°W﻿ / 36.0365; -95.7810﻿ (Broken Arrow),"https://en.wikipedia.org/wiki/Broken_Arrow,_Oklahoma",
278,279,Sandy Springs,Georgia,"108,797","93,853",+15.92%,37.7,97.6,2804,1083,33°55′53″N 84°22′07″W﻿ / ﻿33.9315°N 84.3687°W﻿ / 33.9315; -84.3687﻿ (Sandy Springs),"https://en.wikipedia.org/wiki/Sandy_Springs,_Georgia",
279,280,Jurupa Valley,California,"108,393",0,NA[ab],42.9,111.1,2414,932,34°00′09″N 117°28′03″W﻿ / ﻿34.0026°N 117.4676°W﻿ / 34.0026; -117.4676﻿ (Jurupa Valley),"https://en.wikipedia.org/wiki/Jurupa_Valley,_California",
280,281,Hillsboro,Oregon,"108,389","91,611",+18.31%,25,64.7,4207,1624,45°31′41″N 122°56′09″W﻿ / ﻿45.5280°N 122.9357°W﻿ / 45.5280; -122.9357﻿ (Hillsboro),"https://en.wikipedia.org/wiki/Hillsboro,_Oregon",Hillsboroans[7]
281,282,Waterbury,Connecticut,"108,093","110,366",-2.06%,28.5,73.8,3799,1467,41°33′31″N 73°02′12″W﻿ / ﻿41.5585°N 73.0367°W﻿ / 41.5585; -73.0367﻿ (Waterbury),"https://en.wikipedia.org/wiki/Waterbury,_Connecticut",
282,283,Santa Maria,California,"107,408","99,553",+7.89%,22.8,59.1,4662,1800,34°56′00″N 120°26′38″W﻿ / ﻿34.9332°N 120.4438°W﻿ / 34.9332; -120.4438﻿ (Santa Maria),"https://en.wikipedia.org/wiki/Santa_Maria,_California",
283,284,Boulder,Colorado,"107,353","97,385",+10.24%,24.8,64.2,4358,1683,40°01′37″N 105°15′07″W﻿ / ﻿40.0270°N 105.2519°W﻿ / 40.0270; -105.2519﻿ (Boulder),"https://en.wikipedia.org/wiki/Boulder,_Colorado",Boulderite
284,285,Greeley,Colorado,"107,348","92,889",+15.57%,47.8,123.8,2176,840,40°24′55″N 104°46′11″W﻿ / ﻿40.4153°N 104.7697°W﻿ / 40.4153; -104.7697﻿ (Greeley),"https://en.wikipedia.org/wiki/Greeley,_Colorado",
285,286,Daly City,California,"107,008","101,123",+5.82%,7.6,19.7,14009,5409,37°42′03″N 122°27′54″W﻿ / ﻿37.7009°N 122.4650°W﻿ / 37.7009; -122.4650﻿ (Daly City),"https://en.wikipedia.org/wiki/Daly_City,_California",
286,287,Meridian,Idaho,"106,804","75,092",+42.23%,29.8,77.2,3584,1384,43°36′51″N 116°23′56″W﻿ / ﻿43.6142°N 116.3989°W﻿ / 43.6142; -116.3989﻿ (Meridian),"https://en.wikipedia.org/wiki/Meridian,_Idaho",
287,288,Lewisville,Texas,"106,586","95,290",+11.85%,36.7,95.1,2852,1101,33°02′48″N 96°58′54″W﻿ / ﻿33.0466°N 96.9818°W﻿ / 33.0466; -96.9818﻿ (Lewisville),"https://en.wikipedia.org/wiki/Lewisville,_Texas",
288,289,Davie[ac],Florida,"106,558","91,992",+15.83%,34.9,90.4,2919,1127,26°04′45″N 80°17′06″W﻿ / ﻿26.0791°N 80.2850°W﻿ / 26.0791; -80.2850﻿ (Davie),"https://en.wikipedia.org/wiki/Davie,_Florida",
289,290,West Covina,California,"106,311","106,098",+0.20%,16,41.4,6740,2600,34°03′21″N 117°54′36″W﻿ / ﻿34.0559°N 117.9099°W﻿ / 34.0559; -117.9099﻿ (West Covina),"https://en.wikipedia.org/wiki/West_Covina,_California",
290,291,League City,Texas,"106,244","83,560",+27.15%,51.2,132.6,1992,769,29°29′24″N 95°06′33″W﻿ / ﻿29.4901°N 95.1091°W﻿ / 29.4901; -95.1091﻿ (League City),"https://en.wikipedia.org/wiki/League_City,_Texas",
291,292,Tyler,Texas,"105,729","96,900",+9.11%,56.6,146.6,1852,715,32°19′02″N 95°18′21″W﻿ / ﻿32.3173°N 95.3059°W﻿ / 32.3173; -95.3059﻿ (Tyler),"https://en.wikipedia.org/wiki/Tyler,_Texas",Tylerite
292,293,Norwalk,California,"105,120","105,549",-0.41%,9.7,25.1,10946,4226,33°54′27″N 118°05′01″W﻿ / ﻿33.9076°N 118.0835°W﻿ / 33.9076; -118.0835﻿ (Norwalk),"https://en.wikipedia.org/wiki/Norwalk,_California",
293,294,San Mateo,California,"105,025","97,207",+8.04%,12.1,31.3,8592,3317,37°33′37″N 122°18′38″W﻿ / ﻿37.5603°N 122.3106°W﻿ / 37.5603; -122.3106﻿ (San Mateo),"https://en.wikipedia.org/wiki/San_Mateo,_California",
294,295,Green Bay,Wisconsin,"104,879","104,057",+0.79%,45.4,117.6,2316,894,44°31′15″N 87°59′03″W﻿ / ﻿44.5207°N 87.9842°W﻿ / 44.5207; -87.9842﻿ (Green Bay),"https://en.wikipedia.org/wiki/Green_Bay,_Wisconsin",
295,296,Wichita Falls,Texas,"104,576","104,553",+0.02%,72.2,187,1450,560,33°54′24″N 98°31′33″W﻿ / ﻿33.9067°N 98.5259°W﻿ / 33.9067; -98.5259﻿ (Wichita Falls),"https://en.wikipedia.org/wiki/Wichita_Falls,_Texas",
296,297,Sparks,Nevada,"104,246","90,264",+15.49%,35.9,93,2810,1080,39°33′16″N 119°44′08″W﻿ / ﻿39.5544°N 119.7356°W﻿ / 39.5544; -119.7356﻿ (Sparks),"https://en.wikipedia.org/wiki/Sparks,_Nevada",
297,298,Lakewood[ad],New Jersey,"104,157","92,843",+12.19%,24.7,64,4079,1575,40°04′38″N 74°12′01″W﻿ / ﻿40.0771°N 74.2004°W﻿ / 40.0771; -74.2004﻿ (Lakewood),"https://en.wikipedia.org/wiki/Lakewood_Township,_New_Jersey",
298,299,Burbank,California,"103,695","103,340",+0.34%,17.4,45.1,6003,2318,34°11′24″N 118°19′35″W﻿ / ﻿34.1901°N 118.3264°W﻿ / 34.1901; -118.3264﻿ (Burbank),"https://en.wikipedia.org/wiki/Burbank,_California",
299,300,Rialto,California,"103,440","99,171",+4.30%,22.3,57.8,4633,1789,34°06′42″N 117°23′18″W﻿ / ﻿34.1118°N 117.3883°W﻿ / 34.1118; -117.3883﻿ (Rialto),"https://en.wikipedia.org/wiki/Rialto,_California",
300,301,Allen,Texas,"103,383","84,246",+22.72%,27.1,70.2,3715,1434,33°05′59″N 96°39′47″W﻿ / ﻿33.0997°N 96.6631°W﻿ / 33.0997; -96.6631﻿ (Allen),"https://en.wikipedia.org/wiki/Allen,_Texas",
301,302,El Cajon,California,"103,241","99,478",+3.78%,14.5,37.6,7156,2763,32°48′06″N 116°57′37″W﻿ / ﻿32.8017°N 116.9604°W﻿ / 32.8017; -116.9604﻿ (El Cajon),"https://en.wikipedia.org/wiki/El_Cajon,_California",
302,303,Las Cruces,New Mexico,"102,926","97,618",+5.44%,76.9,199.2,1323,511,32°19′35″N 106°47′23″W﻿ / ﻿32.3264°N 106.7897°W﻿ / 32.3264; -106.7897﻿ (Las Cruces),"https://en.wikipedia.org/wiki/Las_Cruces,_New_Mexico",
303,304,Renton,Washington,"102,153","90,927",+12.35%,23.4,60.6,4314,1666,47°28′34″N 122°11′31″W﻿ / ﻿47.4761°N 122.1920°W﻿ / 47.4761; -122.1920﻿ (Renton),"https://en.wikipedia.org/wiki/Renton,_Washington",
304,305,Davenport,Iowa,"102,085","99,685",+2.41%,62.9,162.9,1631,630,41°33′15″N 90°36′14″W﻿ / ﻿41.5541°N 90.6040°W﻿ / 41.5541; -90.6040﻿ (Davenport),"https://en.wikipedia.org/wiki/Davenport,_Iowa",
305,306,South Bend,Indiana,"101,860","101,168",+0.68%,41.4,107.2,2457,949,41°40′37″N 86°16′08″W﻿ / ﻿41.6769°N 86.2690°W﻿ / 41.6769; -86.2690﻿ (South Bend),"https://en.wikipedia.org/wiki/South_Bend,_Indiana",
306,307,Vista,California,"101,224","93,834",+7.88%,18.7,48.4,5436,2099,33°11′22″N 117°14′19″W﻿ / ﻿33.1895°N 117.2386°W﻿ / 33.1895; -117.2386﻿ (Vista),"https://en.wikipedia.org/wiki/Vista,_California",
307,308,Tuscaloosa,Alabama,"101,113","90,468",+11.77%,71.7,185.7,1399,540,33°12′23″N 87°32′05″W﻿ / ﻿33.2065°N 87.5346°W﻿ / 33.2065; -87.5346﻿ (Tuscaloosa),"https://en.wikipedia.org/wiki/Tuscaloosa,_Alabama",
308,309,Clinton[ae],Michigan,"100,800","96,796",+4.14%,28.1,72.8,3573,1380,42°35′25″N 82°55′01″W﻿ / ﻿42.5903°N 82.9170°W﻿ / 42.5903; -82.9170﻿ (Clinton),"https://en.wikipedia.org/wiki/Clinton_Township,_Macomb_County,_Michigan",
309,310,Edison[ad],New Jersey,"100,693","99,967",+0.73%,30.1,78,3389,1309,40°30′14″N 74°20′58″W﻿ / ﻿40.5040°N 74.3494°W﻿ / 40.5040; -74.3494﻿ (Edison),"https://en.wikipedia.org/wiki/Edison,_New_Jersey",
310,311,Woodbridge[ad],New Jersey,"100,450","99,585",+0.87%,23.3,60.3,4351,1680,40°33′39″N 74°17′34″W﻿ / ﻿40.5607°N 74.2927°W﻿ / 40.5607; -74.2927﻿ (Woodbridge),"https://en.wikipedia.org/wiki/Woodbridge_Township,_New_Jersey",
311,312,San Angelo,Texas,"100,215","93,200",+7.53%,59.9,155.1,1681,649,31°26′28″N 100°27′02″W﻿ / ﻿31.4411°N 100.4505°W﻿ / 31.4411; -100.4505﻿ (San Angelo),"https://en.wikipedia.org/wiki/San_Angelo,_Texas",San Angeloan
312,313,Kenosha,Wisconsin,"100,164","99,218",+0.95%,28,72.5,3577,1381,42°34′56″N 87°50′44″W﻿ / ﻿42.5822°N 87.8456°W﻿ / 42.5822; -87.8456﻿ (Kenosha),"https://en.wikipedia.org/wiki/Kenosha,_Wisconsin",Kenoshan
313,314,Vacaville,California,"100,154","92,428",+8.36%,29,75.1,3449,1332,38°21′14″N 121°58′22″W﻿ / ﻿38.3539°N 121.9728°W﻿ / 38.3539; -121.9728﻿ (Vacaville),"https://en.wikipedia.org/wiki/Vacaville,_California",